hour,inflow_m3s,level_m,storage_m3,release_m3s,spill_m3s,evaporation_m3s,operation_zone
0.0,431.4323,12.0,10000000.0,0.0,0.0,0.0,buffer
1.0,429.9989,12.446398416000001,11115996.04,120.0,0.0,0.0,buffer
2.0,428.5704,12.736464499430399,11841161.248575998,227.13561984000023,0.0,0.0,buffer
3.0,427.1465,12.924233328427253,12310583.321068134,296.7514798632958,0.0,0.0,buffer
4.0,425.7275,13.045065890122796,12612664.725306988,341.8159988225406,0.0,0.0,buffer
5.0,424.3131,13.122101982496357,12805254.956240892,370.81581362947105,0.0,0.0,buffer
6.0,422.9034,13.170484433345615,12926211.08336404,389.30447579912567,0.0,0.0,buffer
7.0,421.4984,13.200122709181372,13000306.772953428,400.91626400294774,0.0,0.0,buffer
8.0,420.0981,13.21750156488829,13043753.912220724,408.0294502035292,0.0,0.0,buffer
9.0,418.7024,13.226864480062897,13067161.200157242,412.2003755731895,0.0,0.0,buffer
10.0,417.3114,13.230988531753159,13077471.329382898,414.44747521509527,0.0,0.0,buffer
11.0,415.9249,13.231690751179269,13079226.877948169,415.4372476207581,0.0,0.0,buffer
12.0,414.5431,13.230160491571713,13075401.228929281,415.60578028302444,0.0,0.0,buffer
13.0,413.2644,13.227317761684528,13068294.404211322,415.2385179772111,0.0,0.0,buffer
14.0,412.3087,13.224081271246355,13060203.17811589,414.55626280428675,0.0,0.0,buffer
15.0,412.0711,13.221621167903615,13054052.919759039,413.77950509912523,0.0,0.0,buffer
16.0,413.13,13.221536092276125,13053840.230690315,413.1890802968677,0.0,0.0,buffer
17.0,415.6273,13.225076530785497,13062691.326963743,413.16866214627,0.0,0.0,buffer
18.0,419.2203,13.23256731374603,13081418.284365075,414.01836738851927,0.0,0.0,buffer
19.0,422.9113,13.242784322115401,13106960.805288505,415.81615529904707,0.0,0.0,buffer
20.0,432.9455,13.263919580392319,13159798.950980797,418.2682373076963,0.0,0.0,buffer
21.0,441.9357,13.290696381408733,13226740.953521835,423.3406992941565,0.0,0.0,buffer
22.0,447.4041,13.316093615993875,13290234.03998469,429.76713153809584,0.0,0.0,buffer
23.0,447.7728,13.333244494306392,13333111.235765982,435.86246783853,0.0,0.0,buffer
24.0,445.5631,13.341286061074104,13353215.15268526,439.97867863353406,0.0,0.0,buffer
25.0,443.1302,13.343045086366894,13357612.715917235,441.908654657785,0.0,0.0,buffer
26.0,441.1697,13.341373072518495,13353432.681296239,442.3308207280546,0.0,0.0,buffer
27.0,439.4837,13.337851066656103,13344627.66664026,441.92953740443886,0.0,0.0,buffer
28.0,437.9707,13.333367546019755,13333418.865049386,441.0842559974648,0.0,0.0,buffer
29.0,436.7057,13.328611930115327,13321529.825288318,440.00821104474113,0.0,0.0,buffer
30.0,435.6336,13.323956031067471,13309890.077668676,438.86686322767855,0.0,0.0,buffer
31.0,434.6948,13.31955733873055,13298893.34682638,437.7494474561931,0.0,0.0,buffer
32.0,433.6249,13.315138178465274,13287845.446163185,436.6937612953322,0.0,0.0,buffer
33.0,432.5848,13.310748535987674,13276871.339969188,435.6331628316657,0.0,0.0,buffer
34.0,431.8879,13.306872417950334,13267181.044875838,434.57964863704177,0.0,0.0,buffer
35.0,431.8361,13.3042612943067,13260653.23576675,433.6493803080802,0.0,0.0,buffer
36.0,437.3563,13.310501662994305,13276254.15748576,433.0227106336081,0.0,0.0,buffer
37.0,459.6986,13.346758272263472,13366895.680658681,434.52039911863324,0.0,0.0,buffer
38.0,496.2044,13.423052949369216,13557632.373423042,443.2219853432332,0.0,0.0,buffer
39.0,550.8036,13.551603034067217,13879007.58516804,461.53270784861195,0.0,0.0,buffer
40.0,618.7174,13.733522081493586,14333805.203733964,492.384728176132,0.0,0.0,buffer
41.0,696.402,13.964435730129402,14911089.325323505,536.0452995584606,0.0,0.0,buffer
42.0,770.6338,14.22243941379668,15556098.534491701,591.4645752310565,0.0,0.0,flood_control
43.0,824.8239,14.498138916416597,16245347.291041493,633.365912069502,0.0,0.0,flood_control
44.0,858.031,14.762105550470613,16905263.876176532,674.7208374624895,0.0,0.0,flood_control
45.0,863.9641,14.97759905556896,17443997.6389224,714.315832570592,0.0,0.0,flood_control
46.0,840.1304,15.112225435566064,17780563.58891516,746.6398583353441,0.0,0.0,flood_control
47.0,794.4398,15.151978053483795,17879945.133709487,766.8338153349096,0.0,0.0,flood_control
48.0,739.5055,15.104038713931295,17760096.78482824,772.7967080225692,0.0,0.0,flood_control
49.0,675.2414,14.973913967722137,17434784.91930534,765.6058070896943,0.0,0.0,flood_control
50.0,612.4898,14.781533862694154,16953834.656735387,746.0870951583205,0.0,0.0,flood_control
51.0,554.7432,14.547552756352218,16368881.890880544,717.2300794041231,0.0,0.0,flood_control
52.0,513.0283,14.304042112980138,15760105.282450346,682.1329134528327,0.0,0.0,flood_control
53.0,483.7785,14.071010056576428,15177525.141441071,645.6063169470207,0.0,0.0,flood_control
54.0,464.5411,13.86061106835592,14651527.6708898,610.6515084864642,0.0,0.0,buffer
55.0,451.9983,13.695661435132113,14239153.587830285,566.5466564054209,0.0,0.0,buffer
56.0,443.3416,13.575252747150454,13938131.867876139,526.9587444317071,0.0,0.0,buffer
57.0,436.8249,13.487073253735257,13717683.134338146,498.060659316109,0.0,0.0,buffer
58.0,431.1764,13.421234753244354,13553086.883110885,476.89758089646176,0.0,0.0,buffer
59.0,425.8415,13.370467782523106,13426169.456307763,461.09634077864496,0.0,0.0,buffer
60.0,420.8855,13.330109236883121,13325273.0922078,448.9122678055453,0.0,0.0,buffer
61.0,416.3453,13.297160716616313,13242901.791540783,439.2262168519491,0.0,0.0,buffer
62.0,412.73,13.270393172953714,13175982.932384288,431.3185719879151,0.0,0.0,buffer
63.0,410.9705,13.25034281238091,13125857.030952279,424.89436150889134,0.0,0.0,buffer
64.0,421.7538,13.252749808422069,13131874.521055171,420.0822749714186,0.0,0.0,buffer
65.0,527.8279,13.407071650631401,13517679.126578504,420.65995402129647,0.0,0.0,buffer
66.0,692.885,13.745742088173188,14364355.220432973,457.69719615153633,0.0,0.0,buffer
67.0,895.018,14.258439542500536,15646098.856251338,538.9781011615651,0.0,0.0,flood_control
68.0,1117.0366,14.94714930532042,17367873.26330105,638.7659313750804,0.0,0.0,flood_control
69.0,1341.3609,15.810124751371209,19525311.878428023,742.0723957980629,0.0,0.0,flood_control
70.0,1532.8899,16.76249926107503,21906248.152687572,871.5187127056813,0.0,0.0,flood_control
71.0,1667.2748,17.640316028604467,24100790.07151117,1014.3748891612543,43.304933387745486,0.0,flood_control
72.0,1733.4143,18.0,25000000.0,1146.0474042906699,337.58636001798794,0.0,surcharge
73.0,1727.1471,18.0,25000000.0,1200.0,527.1470999999999,0.0,surcharge
74.0,1676.8567,18.0,25000000.0,1200.0,476.8567000000003,0.0,surcharge
75.0,1624.8013,18.0,25000000.0,1200.0,424.8013000000002,0.0,surcharge
76.0,1607.3827,18.0,25000000.0,1200.0,407.3826999999997,0.0,surcharge
77.0,1655.0419,18.0,25000000.0,1200.0,455.0418999999996,0.0,surcharge
78.0,1773.7123,18.0,25000000.0,1200.0,573.7123,0.0,surcharge
79.0,1953.1904,18.0,25000000.0,1200.0,753.1904000000001,0.0,surcharge
80.0,2165.1826,18.0,25000000.0,1200.0,965.1826000000001,0.0,surcharge
81.0,2373.0649,18.0,25000000.0,1200.0,1173.0649,0.0,surcharge
82.0,2545.785,18.0,25000000.0,1200.0,1345.785,0.0,surcharge
83.0,2641.7217,18.0,25000000.0,1200.0,1441.7217,0.0,surcharge
84.0,2644.1942,18.0,25000000.0,1200.0,1444.1942000000008,0.0,surcharge
85.0,2551.8071,18.0,25000000.0,1200.0,1351.8071,0.0,surcharge
86.0,2381.4742,18.0,25000000.0,1200.0,1181.4742000000006,0.0,surcharge
87.0,2148.3097,18.0,25000000.0,1200.0,948.3096999999996,0.0,surcharge
88.0,1881.495,18.0,25000000.0,1200.0,681.4949999999997,0.0,surcharge
89.0,1620.3378,18.0,25000000.0,1200.0,420.3377999999996,0.0,surcharge
90.0,1388.3751,18.0,25000000.0,1200.0,188.37510000000023,0.0,surcharge
91.0,1210.8498,17.907264150646434,24768160.37661608,1200.0,75.24969538442251,0.0,flood_control
92.0,1091.9958,17.699989778206568,24249974.44551642,1186.089622596965,49.8467138196069,0.0,flood_control
93.0,1032.7961,17.48385891991896,23709647.299797393,1154.9984667309852,27.88850707985531,0.0,flood_control
94.0,1022.9131,17.31932000248883,23298300.00622207,1122.5788379878438,14.597399116413554,0.0,flood_control
95.0,1046.9682,17.233065311916512,23082663.279791277,1097.8980003733245,8.969290301895555,0.0,flood_control
96.0,1075.7492,17.208892282266014,23022230.705665037,1084.9597967874768,7.576229358701304,0.0,flood_control
97.0,1086.2853,17.205392801067465,23013482.00266866,1081.333842339902,7.381652936868846,0.0,flood_control
98.0,1067.0675,17.17713964762995,22942849.11907488,1080.8089201601197,5.878825282597806,0.0,flood_control
99.0,1021.837,17.095058771582504,22737646.928956263,1076.5709471444925,2.2666612217909288,0.0,flood_control
100.0,947.2288,16.926535548920683,22316338.87230171,1064.2588157373757,0.0,0.0,flood_control
101.0,851.2991,16.656274574353816,21640686.43588454,1038.9803323381025,0.0,0.0,flood_control
102.0,745.5169,16.29206360229339,20730159.00573348,998.4411861530724,0.0,0.0,flood_control
103.0,649.2983,15.86796741619802,19669918.54049505,943.8095403440084,0.0,0.0,flood_control
104.0,566.867,15.416774934299248,18541937.335748117,880.195112429703,0.0,0.0,flood_control
105.0,507.6592,14.97778079649061,17444451.991226524,812.5162401448872,0.0,0.0,flood_control
106.0,467.746,14.576134384448638,16440335.961121595,746.6671194735915,0.0,0.0,flood_control
107.0,441.2481,14.223086621407733,15557716.55351933,686.4201576672957,0.0,0.0,flood_control
108.0,423.2362,13.920360039183663,14800900.097959155,633.4629932111599,0.0,0.0,buffer
109.0,410.3099,13.674729865641789,14186824.664104471,580.8864094040791,0.0,0.0,buffer
110.0,400.3574,13.499657880075986,13749144.700189965,521.9351677540293,0.0,0.0,buffer
111.0,392.1705,13.373301636721724,13433254.091804313,479.9178912182367,0.0,0.0,buffer
112.0,385.1148,13.280453903070697,13201134.757676743,449.59239281321373,0.0,0.0,buffer
113.0,378.8952,13.210738122169463,13026845.30542366,427.30893673696727,0.0,0.0,buffer
114.0,373.4019,13.157205763147697,12893014.407869244,410.57714932067114,0.0,0.0,buffer
115.0,368.4475,13.115039851403854,12787599.628509633,397.72938315544735,0.0,0.0,buffer
116.0,363.9162,13.080921406758682,12702303.516896704,387.60956433692485,0.0,0.0,buffer
117.0,359.7336,13.05257135258288,12631428.381457204,379.4211376220836,0.0,0.0,buffer
118.0,355.8491,13.028425397130238,12571063.492825596,372.61712461989134,0.0,0.0,buffer
119.0,352.226,13.007407019882027,12518517.54970507,366.8220953112572,0.0,0.0,buffer
120.0,349.0806,12.9891232178108,12472808.044526998,361.77768477168655,0.0,0.0,buffer
121.0,346.3754,12.973262809735388,12433157.024338467,357.38957227459196,0.0,0.0,buffer
122.0,343.8272,12.959214350690836,12398035.876727091,353.58307433649315,0.0,0.0,buffer
123.0,341.6135,12.946833311092083,12367083.27773021,350.2114441658006,0.0,0.0,buffer
124.0,339.6654,12.93592589477866,12339814.73694665,347.2399946621,0.0,0.0,buffer
125.0,338.4207,12.926995713543155,12317489.283857888,344.6222147468782,0.0,0.0,buffer
126.0,338.1916,12.920821898942641,12302054.747356601,342.4789712503572,0.0,0.0,buffer
127.0,339.267,12.918330330668063,12295825.826670159,340.9972557462339,0.0,0.0,buffer
128.0,342.0351,12.920685912389182,12301714.780972952,340.3992793603351,0.0,0.0,buffer
129.0,374.5703,12.96907809306748,12422695.2326687,340.9646189734036,0.0,0.0,buffer
130.0,429.6176,13.080014048103358,12700035.120258396,352.5787423361953,0.0,0.0,buffer
131.0,476.9088,13.220709865078838,13051774.662697095,379.2033715448059,0.0,0.0,buffer
132.0,492.1837,13.334777063707591,13336942.659268979,412.97036761892116,0.0,0.0,buffer
133.0,475.8952,13.385967198490249,13464917.99622562,440.34649528982186,0.0,0.0,buffer
134.0,443.5182,13.372843142692018,13432107.856730044,452.6321276376598,0.0,0.0,buffer
135.0,414.6404,13.322670728577656,13306676.82144414,449.48235424608424,0.0,0.0,buffer
136.0,393.8043,13.259833916781218,13149584.791953046,437.44097485863733,0.0,0.0,buffer
137.0,379.8116,13.198564019141628,12996410.047854073,422.36014002749243,0.0,0.0,buffer
138.0,370.8646,13.145585318126283,12863963.295315707,407.6553645939907,0.0,0.0,buffer
139.0,364.8341,13.10223213618184,12755580.340454599,394.94047635030796,0.0,0.0,buffer
140.0,360.6518,13.067839301917395,12669598.25479349,384.5357126836416,0.0,0.0,buffer
141.0,357.5077,13.040805127174744,12602012.81793686,376.28143246017487,0.0,0.0,buffer
142.0,355.1024,13.019650331223152,12549125.828057881,369.79323052193865,0.0,0.0,buffer
143.0,352.971,13.002737416752431,12506843.541881077,364.71607949355655,0.0,0.0,buffer
144.0,350.9221,12.98871918952279,12471797.973806975,360.65698002058355,0.0,0.0,buffer
145.0,348.8007,12.976490845623713,12441227.114059284,357.2926054854696,0.0,0.0,buffer
146.0,346.4834,12.965151705376158,12412879.263440397,354.3578029496912,0.0,0.0,buffer
147.0,343.9986,12.954153259998158,12385383.149995396,351.6364092902779,0.0,0.0,buffer
148.0,341.3796,12.943184517342795,12357961.293356987,348.9967823995579,0.0,0.0,buffer
149.0,338.6604,12.932090924149126,12330227.310372813,346.3642841622708,0.0,0.0,buffer
150.0,335.8721,12.920816124763187,12302040.311907968,343.7018217957902,0.0,0.0,buffer
151.0,332.877,12.90912495204503,12272812.380112574,340.99586994316485,0.0,0.0,buffer
152.0,329.5762,12.896721096618268,12241802.741545668,338.18998849080714,0.0,0.0,buffer
153.0,325.9141,12.883330589626993,12208326.474067485,335.2130631883844,0.0,0.0,buffer
154.0,321.8793,12.868757729851906,12171894.324629763,331.9993415104784,0.0,0.0,buffer
155.0,318.0823,12.853753570415087,12134383.926037718,328.5018551644573,0.0,0.0,buffer
156.0,314.546,12.838842576479633,12097106.441199083,324.90085689962086,0.0,0.0,buffer
157.0,311.2469,12.824334118048272,12060835.295120679,321.322218355112,0.0,0.0,buffer
158.0,308.1638,12.810400118850788,12026000.297126971,317.8401883315853,0.0,0.0,buffer
159.0,305.2771,12.797124861775956,11992812.15443989,314.4960285241892,0.0,0.0,buffer
160.0,302.5695,12.784538589546186,11961346.473865464,311.30996682622936,0.0,0.0,buffer
161.0,300.0247,12.772637620999024,11931594.05249756,308.2892614910845,0.0,0.0,buffer
162.0,297.6284,12.761398955181761,11903497.387954403,305.4330290397658,0.0,0.0,buffer
163.0,295.3673,12.750788388270944,11876970.97067736,302.73574924362265,0.0,0.0,buffer
164.0,293.2293,12.740766113284506,11851915.283211265,300.18921318502663,0.0,0.0,buffer
165.0,291.2036,12.73129052853338,11828226.321333451,297.7838671882814,0.0,0.0,buffer
166.0,289.2803,12.722320153872243,11805800.38468061,295.50972684801127,0.0,0.0,buffer
167.0,287.4502,12.713814596693997,11784536.491734993,293.3568369293383,0.0,0.0,buffer
