level_m,storage_m3,outlet_m3s,spillway_m3s,total_discharge_m3s
8.0,0.0,0.0,0.0,0.0
8.25,625000.0,0.0,0.0,0.0
8.5,1250000.0,0.0,0.0,0.0
8.75,1875000.0,0.0,0.0,0.0
9.0,2500000.0,0.0,0.0,0.0
9.25,3125000.0,10.0,0.0,10.0
9.5,3750000.0,20.0,0.0,20.0
9.75,4375000.0,30.0,0.0,30.0
10.0,5000000.0,40.0,0.0,40.0
10.25,5625000.0,50.0,0.0,50.0
10.5,6250000.0,60.0,0.0,60.0
10.75,6875000.0,70.0,0.0,70.0
11.0,7500000.0,80.0,0.0,80.0
11.25,8125000.0,90.0,0.0,90.0
11.5,8750000.0,100.0,0.0,100.0
11.75,9375000.0,110.0,0.0,110.0
12.0,10000000.0,120.0,0.0,120.0
12.25,10625000.0,180.0,0.0,180.0
12.5,11250000.0,240.0,0.0,240.0
12.75,11875000.0,300.0,0.0,300.0
13.0,12500000.0,360.0,0.0,360.0
13.25,13125000.0,420.0,0.0,420.0
13.5,13750000.0,480.0,0.0,480.0
13.75,14375000.0,540.0,0.0,540.0
14.0,15000000.0,600.0,0.0,600.0
14.25,15625000.0,637.5,0.0,637.5
14.5,16250000.0,675.0,0.0,675.0
14.75,16875000.0,712.5,0.0,712.5
15.0,17500000.0,750.0,0.0,750.0
15.25,18125000.0,787.5,0.0,787.5
15.5,18750000.0,825.0,0.0,825.0
15.75,19375000.0,862.5,0.0,862.5
16.0,20000000.0,900.0,0.0,900.0
16.25,20625000.0,937.5,0.0,937.5
16.5,21250000.0,975.0,0.0,975.0
16.75,21875000.0,1012.5,0.0,1012.5
17.0,22500000.0,1050.0,0.0,1050.0
17.25,23125000.0,1087.5,9.190000000000001,1096.69
17.5,23750000.0,1125.0,25.993245276417493,1150.9932452764174
17.75,24375000.0,1162.5,47.752640764673956,1210.252640764674
18.0,25000000.0,1200.0,73.52000000000001,1273.52
