hour,h_m
0,8.8279
1,8.9386
2,9.0418
3,9.1304
4,9.1984
5,9.2412
6,9.2558
7,9.2412
8,9.1984
9,9.1305
10,9.042
11,8.9391
12,8.8302
13,8.7248
14,8.6322
15,8.5579
16,8.5086
17,8.4902
18,8.5048
19,8.5462
20,8.6087
21,8.6805
22,8.7581
23,8.8388
24,8.9247
25,9.0103
26,9.0914
27,9.162
28,9.2185
29,9.2542
30,9.2675
31,9.2567
32,9.2199
33,9.1589
34,9.0781
35,8.9883
36,8.8975
37,8.8146
38,8.7487
39,8.7069
40,8.6911
41,8.703
42,8.7381
43,8.7927
44,8.8587
45,8.9314
46,9.0073
47,9.0796
48,9.1456
49,9.2045
50,9.2552
51,9.2927
52,9.3169
53,9.3255
54,9.3175
55,9.2867
56,9.2331
57,9.1575
58,9.0629
59,8.9553
60,8.8415
61,8.7325
62,8.6376
63,8.5649
64,8.5261
65,8.5315
66,8.5898
67,8.7056
68,8.8761
69,9.0894
70,9.3245
71,9.5557
72,9.7552
73,9.9054
74,10.0
75,10.0462
76,10.0663
77,10.0848
78,10.1199
79,10.1793
80,10.2577
81,10.3407
82,10.4057
83,10.4306
84,10.3979
85,10.2965
86,10.1329
87,9.9223
88,9.6876
89,9.4523
90,9.2443
91,9.0885
92,8.9987
93,8.9817
94,9.0299
95,9.1308
96,9.263
97,9.4018
98,9.521
99,9.604
100,9.6429
101,9.6366
102,9.5853
103,9.4984
104,9.3876
105,9.2648
106,9.1327
107,8.9967
108,8.8612
109,8.735
110,8.6227
111,8.5292
112,8.4588
113,8.415
114,8.4002
115,8.4146
116,8.4573
117,8.5253
118,8.6139
119,8.7171
120,8.8286
121,8.9417
122,9.0486
123,9.1397
124,9.2083
125,9.2542
126,9.2756
127,9.2758
128,9.2551
129,9.2182
130,9.1661
131,9.0984
132,9.0108
133,8.9062
134,8.7882
135,8.6701
136,8.5674
137,8.4919
138,8.454
139,8.4505
140,8.4821
141,8.5417
142,8.628
143,8.7312
144,8.8434
145,8.9533
146,9.0545
147,9.1398
148,9.2043
149,9.2443
150,9.2572
151,9.2417
152,9.1986
153,9.1304
154,9.0418
155,8.9386
156,8.8279
157,8.7171
158,8.6139
159,8.5253
160,8.4573
161,8.4146
162,8.4
163,8.4146
164,8.4573
165,8.5253
166,8.6139
167,8.7171
