reach_id,xs_id,station_km,manning_n
main,1,0.0,0.0646
main,2,0.4992,0.0628
main,3,0.9984,0.0607
main,4,1.4976,0.0589
main,5,1.9968,0.0583
main,6,2.496,0.0589
main,7,2.9952,0.0588
main,8,3.4944,0.0554
main,9,3.9936,0.0492
main,10,4.4928,0.0443
main,11,4.992,0.0438
main,12,5.4912,0.0483
main,13,5.9904,0.0556
main,14,6.4896,0.0621
main,15,6.9888,0.0656
main,16,7.488,0.066
main,17,7.9872,0.0645
main,18,8.4864,0.0615
main,19,8.9856,0.0583
main,20,9.4849,0.0561
main,21,9.9841,0.0551
main,22,10.4833,0.0549
main,23,10.9825,0.0557
main,24,11.4817,0.0576
main,25,11.9809,0.059
main,26,12.4801,0.0578
main,27,12.9793,0.0542
main,28,13.4785,0.0501
main,29,13.9777,0.0476
main,30,14.4769,0.0482
main,31,14.9761,0.0521
main,32,15.4753,0.0574
main,33,15.9745,0.062
main,34,16.4737,0.0635
main,35,16.9729,0.0604
main,36,17.4721,0.0542
main,37,17.9713,0.0499
main,38,18.4705,0.0501
main,39,18.9697,0.0524
main,40,19.4689,0.0529
main,41,19.9681,0.0511
main,42,20.4673,0.0489
main,43,20.9665,0.0476
main,44,21.4657,0.0471
main,45,21.9649,0.0476
main,46,22.4641,0.0503
main,47,22.9633,0.0544
main,48,23.4625,0.0567
main,49,23.9617,0.0571
main,50,24.4609,0.0586
main,51,24.9601,0.0613
main,52,25.4593,0.0614
main,53,25.9585,0.0576
main,54,26.4577,0.0534
main,55,26.9569,0.0522
main,56,27.4562,0.0535
main,57,27.9554,0.0546
main,58,28.4546,0.0543
main,59,28.9538,0.0533
main,60,29.453,0.0521
main,61,29.9522,0.0508
main,62,30.4514,0.051
main,63,30.9506,0.0536
main,64,31.4498,0.0559
main,65,31.949,0.0551
main,66,32.4482,0.0525
main,67,32.9474,0.051
main,68,33.4466,0.0511
main,69,33.9458,0.0512
main,70,34.445,0.0505
main,71,34.9442,0.0497
main,72,35.4434,0.0492
main,73,35.9426,0.0481
main,74,36.4418,0.0469
main,75,36.941,0.0465
main,76,37.4402,0.0465
main,77,37.9394,0.0459
main,78,38.4386,0.0452
main,79,38.9378,0.046
main,80,39.437,0.0488
main,81,39.9362,0.0525
main,82,40.4354,0.0555
main,83,40.9346,0.0578
main,84,41.4338,0.0598
main,85,41.933,0.0616
main,86,42.4322,0.0621
main,87,42.9314,0.0602
main,88,43.4306,0.0566
main,89,43.9298,0.0536
main,90,44.429,0.0527
main,91,44.9282,0.0533
main,92,45.4275,0.0543
main,93,45.9267,0.0556
main,94,46.4259,0.0568
main,95,46.9251,0.0572
main,96,47.4243,0.056
main,97,47.9235,0.0533
main,98,48.4227,0.0504
main,99,48.9219,0.0495
main,100,49.4211,0.0522
main,101,49.9203,0.0568
main,102,50.4195,0.0601
main,103,50.9187,0.0608
main,104,51.4179,0.0598
main,105,51.9171,0.0595
main,106,52.4163,0.0614
main,107,52.9155,0.0648
