reach_id,xs_id,station_km,z_bed_m,lon,lat,join_station_km,join_xs_main,kind,bc
trib_1,1,0.0,-10.3922,105.83818,21.082055,19.4929,40,outlet,H
trib_1,2,0.4988,-9.6222,105.842027,21.083837,19.4929,40,outlet,H
trib_1,3,0.9977,-9.6048,105.845024,21.081287,19.4929,40,outlet,H
trib_1,4,1.4965,-9.46,105.847923,21.07864,19.4929,40,outlet,H
trib_1,5,1.9954,-7.6265,105.85154,21.07643,19.4929,40,outlet,H
trib_1,6,2.4942,-7.6738,105.854233,21.073633,19.4929,40,outlet,H
trib_1,7,2.9931,-10.7121,105.857364,21.071196,19.4929,40,outlet,H
trib_1,8,3.4919,-5.0323,105.86071,21.069182,19.4929,40,outlet,H
trib_1,9,3.9907,-12.5756,105.864012,21.066637,19.4929,40,outlet,H
trib_1,10,4.4896,-5.8815,105.867972,21.066416,19.4929,40,outlet,H
trib_1,11,4.9884,-5.6656,105.871563,21.068282,19.4929,40,outlet,H
trib_1,12,5.4873,-9.1358,105.875301,21.069605,19.4929,40,outlet,H
trib_1,13,5.9861,0.9452,105.87916,21.070942,19.4929,40,outlet,H
