xs_id,station_km,manning_n
1,0.0,0.054
2,0.5001,0.0522
3,1.0002,0.0501
4,1.5003,0.0489
5,2.0005,0.0497
6,2.5006,0.0521
7,3.0007,0.054
8,3.5008,0.0541
9,4.0009,0.0545
10,4.501,0.0566
11,5.0011,0.0577
12,5.5013,0.0554
13,6.0014,0.0521
14,6.5015,0.0516
15,7.0016,0.0541
16,7.5017,0.0564
17,8.0018,0.0551
18,8.5019,0.0499
19,9.002,0.0436
20,9.5022,0.0405
21,10.0023,0.0438
22,10.5024,0.0522
23,11.0025,0.0612
24,11.5026,0.0665
25,12.0027,0.0671
26,12.5028,0.0639
27,13.003,0.0589
28,13.5031,0.0551
29,14.0032,0.0544
30,14.5033,0.0552
31,15.0034,0.0547
32,15.5035,0.0538
33,16.0036,0.0548
34,16.5038,0.0577
35,17.0039,0.06
36,17.504,0.0597
37,18.0041,0.0573
38,18.5042,0.055
39,19.0043,0.0555
40,19.5044,0.0595
41,20.0045,0.0645
42,20.5047,0.0667
43,21.0048,0.0634
44,21.5049,0.056
45,22.005,0.0488
46,22.5051,0.0456
47,23.0052,0.0459
48,23.5053,0.0462
49,24.0055,0.0448
50,24.5056,0.0434
51,25.0057,0.0437
52,25.5058,0.0463
53,26.0059,0.0506
54,26.506,0.0547
55,27.0061,0.0566
56,27.5063,0.0564
57,28.0064,0.0563
58,28.5065,0.057
59,29.0066,0.0565
60,29.5067,0.0545
61,30.0068,0.0531
62,30.5069,0.0534
63,31.007,0.0535
64,31.5072,0.0525
65,32.0073,0.0525
66,32.5074,0.0539
67,33.0075,0.0539
68,33.5076,0.0518
69,34.0077,0.0504
70,34.5078,0.0514
71,35.008,0.0535
72,35.5081,0.0548
73,36.0082,0.0543
74,36.5083,0.0516
75,37.0084,0.047
76,37.5085,0.0437
77,38.0086,0.045
78,38.5088,0.0498
79,39.0089,0.0534
80,39.509,0.0532
81,40.0091,0.0514
82,40.5092,0.0511
83,41.0093,0.0524
84,41.5094,0.0537
85,42.0096,0.0543
86,42.5097,0.0553
87,43.0098,0.0562
88,43.5099,0.0553
89,44.01,0.0529
90,44.5101,0.0508
91,45.0102,0.0493
92,45.5103,0.0477
93,46.0105,0.0467
94,46.5106,0.0474
95,47.0107,0.0493
96,47.5108,0.0513
97,48.0109,0.0526
98,48.511,0.0537
99,49.0111,0.0556
100,49.5113,0.058
101,50.0114,0.0592
102,50.5115,0.0585
103,51.0116,0.0565
104,51.5117,0.0539
105,52.0118,0.0515
106,52.5119,0.0508
107,53.0121,0.0525
108,53.5122,0.0563
109,54.0123,0.0605
110,54.5124,0.0626
111,55.0125,0.0615
112,55.5126,0.0576
113,56.0127,0.0525
114,56.5128,0.0492
115,57.013,0.0506
116,57.5131,0.0559
117,58.0132,0.0616
118,58.5133,0.0651
119,59.0134,0.067
120,59.5135,0.0691
121,60.0136,0.0716
122,60.5138,0.0741
