xs_id,station_km,manning_n,n_raw,sigma_m,radius_m,n_cells,lon,lat
1,0.0,0.0646,0.0722,2.1294,216.9,1463,105.692218,21.142659
2,0.4992,0.0628,0.0543,0.9751,261.7,2132,105.696192,21.140994
3,0.9984,0.0607,0.0724,2.1455,391.5,4807,105.700015,21.138819
4,1.4976,0.0589,0.0458,0.6152,113.9,411,105.703522,21.136236
5,1.9968,0.0583,0.0675,1.7721,240.6,1811,105.70662,21.133302
6,2.496,0.0589,0.0413,0.4749,80.0,201,105.709903,21.130468
7,2.9952,0.0588,0.08,3.4244,267.7,2249,105.713438,21.12793
8,3.4944,0.0554,0.0593,1.2444,276.3,2385,105.716785,21.125188
9,3.9936,0.0492,0.0433,0.5322,212.3,1411,105.719963,21.122239
10,4.4928,0.0443,0.0396,0.429,168.4,892,105.723044,21.11935
11,4.992,0.0438,0.0351,0.3353,155.8,754,105.72547,21.11588
12,5.4912,0.0483,0.0414,0.4774,169.6,902,105.728641,21.112922
13,5.9904,0.0556,0.0602,1.2931,222.8,1553,105.731732,21.110039
14,6.4896,0.0621,0.0683,1.8278,189.9,1130,105.735244,21.107501
15,6.9888,0.0656,0.0696,1.9297,226.9,1596,105.739086,21.105393
16,7.488,0.066,0.0677,1.7861,245.3,1881,105.74321,21.103772
17,7.9872,0.0645,0.0613,1.3602,86.2,225,105.747105,21.101745
18,8.4864,0.0615,0.0736,2.2398,155.6,756,105.750822,21.099483
19,8.9856,0.0583,0.0448,0.5811,232.3,1679,105.755201,21.099143
20,9.4849,0.0561,0.0587,1.2076,121.7,460,105.759472,21.099748
21,9.9841,0.0551,0.0555,1.0325,80.0,196,105.763737,21.099941
22,10.4833,0.0549,0.0531,0.914,80.0,199,105.768182,21.099748
23,10.9825,0.0557,0.0557,1.0447,83.8,222,105.772386,21.098512
24,11.4817,0.0576,0.0489,0.7332,98.0,304,105.776522,21.097
25,11.9809,0.059,0.0727,2.1671,186.3,1086,105.780739,21.096121
26,12.4801,0.0578,0.0617,1.384,233.6,1714,105.785011,21.096725
27,12.9793,0.0542,0.0489,0.7297,283.2,2522,105.789289,21.09733
28,13.4785,0.0501,0.0536,0.9386,246.5,1897,105.793569,21.097934
29,13.9777,0.0476,0.0415,0.4804,86.4,225,105.797776,21.098806
30,14.4769,0.0482,0.0392,0.4196,122.4,456,105.801904,21.100321
31,14.9761,0.0521,0.0545,0.9839,107.6,365,105.806255,21.100972
32,15.4753,0.0574,0.057,1.1157,80.0,201,105.810479,21.100966
33,15.9745,0.062,0.0653,1.6166,96.8,280,105.814823,21.100294
34,16.4737,0.0635,0.0665,1.6999,122.0,457,105.819008,21.098947
35,16.9729,0.0604,0.0798,2.7857,188.7,1121,105.823053,21.09715
36,17.4721,0.0542,0.0434,0.534,128.3,521,105.826583,21.094708
37,17.9713,0.0499,0.0344,0.3252,110.3,377,105.83005,21.092079
38,18.4705,0.0501,0.0517,0.8503,184.3,1071,105.833085,21.089024
39,18.9697,0.0524,0.0564,1.0801,248.9,1952,105.835655,21.085641
40,19.4689,0.0529,0.0613,1.3598,230.5,1665,105.838041,21.082207
41,19.9681,0.0511,0.0492,0.7438,150.7,708,105.840947,21.079042
42,20.4673,0.0489,0.0414,0.4759,130.3,531,105.843716,21.075771
43,20.9665,0.0476,0.0521,0.8692,148.2,686,105.846714,21.072786
44,21.4657,0.0471,0.0466,0.6439,147.6,676,105.849602,21.069607
45,21.9649,0.0476,0.0456,0.6079,209.4,1375,105.852031,21.066132
46,22.4641,0.0503,0.0402,0.4442,226.9,1609,105.854466,21.062663
47,22.9633,0.0544,0.0563,1.0762,317.8,3177,105.856864,21.059165
48,23.4625,0.0567,0.08,3.4914,372.6,4360,105.859534,21.055998
49,23.9617,0.0571,0.0384,0.401,80.2,198,105.861272,21.05215
50,24.4609,0.0586,0.0527,0.896,80.0,197,105.862656,21.048319
51,24.9601,0.0613,0.0672,1.7536,92.4,254,105.863304,21.044252
52,25.4593,0.0614,0.08,3.6718,192.1,1137,105.863304,21.040066
53,25.9585,0.0576,0.0501,0.7807,117.2,422,105.863905,21.036061
54,26.4577,0.0534,0.0483,0.7068,210.1,1382,105.864666,21.032024
55,26.9569,0.0522,0.0426,0.5107,228.1,1643,105.866103,21.028226
56,27.4562,0.0535,0.061,1.3424,221.2,1530,105.86784,21.024567
57,27.9554,0.0546,0.0568,1.1014,173.3,947,105.869448,21.020865
58,28.4546,0.0543,0.056,1.0601,204.3,1314,105.870915,21.017032
59,28.9538,0.0533,0.0483,0.7061,202.2,1270,105.872625,21.013423
60,29.453,0.0521,0.0543,0.9724,287.4,2577,105.875547,21.010283
61,29.9522,0.0508,0.0618,1.3915,192.9,1168,105.878372,21.007083
62,30.4514,0.051,0.025,0.198,80.0,201,105.881493,21.004229
63,30.9506,0.0536,0.061,1.3409,92.3,252,105.885397,21.002396
64,31.4498,0.0559,0.07,1.954,80.0,201,105.889349,21.000615
65,31.949,0.0551,0.0532,0.922,80.0,197,105.893197,20.998756
66,32.4482,0.0525,0.0503,0.7903,127.4,499,105.89718,20.996835
67,32.9474,0.051,0.0446,0.5738,100.1,307,105.900894,20.994529
68,33.4466,0.0511,0.0511,0.8222,104.2,343,105.904575,20.992303
69,33.9458,0.0512,0.0613,1.3579,145.0,660,105.907378,20.989082
70,34.445,0.0505,0.0441,0.5569,80.0,201,105.909315,20.985505
71,34.9442,0.0497,0.0463,0.632,182.8,1046,105.909484,20.981538
72,35.4434,0.0492,0.0557,1.0445,109.4,379,105.90805,20.977651
73,35.9426,0.0481,0.0491,0.7385,84.3,217,105.906501,20.973947
74,36.4418,0.0469,0.0414,0.4775,96.4,285,105.904645,20.970146
75,36.941,0.0465,0.0448,0.5819,80.0,197,105.902413,20.966522
76,37.4402,0.0465,0.0528,0.9012,80.0,197,105.9001,20.962941
77,37.9394,0.0459,0.0432,0.5281,81.4,205,105.897634,20.959496
78,38.4386,0.0452,0.0483,0.7084,97.3,289,105.894704,20.956363
79,38.9378,0.046,0.0341,0.3199,80.0,197,105.8917,20.953284
80,39.437,0.0488,0.0521,0.8694,86.9,234,105.888899,20.950059
81,39.9362,0.0525,0.0541,0.966,133.6,559,105.887111,20.946259
82,40.4354,0.0555,0.0579,1.1599,156.2,766,105.885302,20.942436
83,40.9346,0.0578,0.0556,1.0389,124.9,493,105.884041,20.938516
84,41.4338,0.0598,0.0611,1.3471,168.6,887,105.884029,20.934579
85,41.933,0.0616,0.0602,1.2939,107.6,368,105.88567,20.930856
86,42.4322,0.0621,0.0669,1.7265,80.0,197,105.889745,20.929189
87,42.9314,0.0602,0.0671,1.7476,100.5,314,105.894009,20.928584
88,43.4306,0.0566,0.0536,0.9391,127.4,508,105.898494,20.928584
89,43.9298,0.0536,0.0464,0.6362,179.1,1003,105.902978,20.928584
90,44.429,0.0527,0.0522,0.8742,123.8,485,105.907194,20.927374
91,44.9282,0.0533,0.0556,1.0372,131.2,531,105.910627,20.925183
92,45.4275,0.0543,0.0531,0.915,100.3,314,105.913204,20.922025
93,45.9267,0.0556,0.0526,0.8924,87.8,240,105.913852,20.918029
94,46.4259,0.0568,0.0613,1.3618,80.0,198,105.911745,20.914513
95,46.9251,0.0572,0.0581,1.1721,80.0,196,105.908801,20.911478
96,47.4243,0.056,0.0573,1.1314,80.0,197,105.905261,20.909063
97,47.9235,0.0533,0.0557,1.0457,83.8,223,105.90181,20.906444
98,48.4227,0.0504,0.0529,0.908,161.6,809,105.898566,20.903665
99,48.9219,0.0495,0.0327,0.2999,146.9,671,105.895663,20.900663
100,49.4211,0.0522,0.0531,0.9155,128.4,513,105.893971,20.896897
101,49.9203,0.0568,0.0608,1.3288,80.0,193,105.895541,20.893183
102,50.4195,0.0601,0.0658,1.6553,80.0,198,105.899059,20.890704
103,50.9187,0.0608,0.0593,1.2432,80.0,208,105.902741,20.888379
104,51.4179,0.0598,0.0678,1.7955,84.7,224,105.906589,20.886374
105,51.9171,0.0595,0.0441,0.5571,108.9,374,105.910748,20.884872
106,52.4163,0.0614,0.061,1.3451,115.4,416,105.914462,20.882602
107,52.9155,0.0648,0.0762,2.458,400.0,3132,105.918388,20.880768
