xs_id,station_km,q0,h0
1,0.0,641.3508,16.6841
2,0.5001,641.3508,16.1009
3,1.0002,641.3508,12.3044
4,1.5003,641.3508,12.2227
5,2.0005,641.3508,11.8416
6,2.5006,641.3508,11.8133
7,3.0007,641.3508,11.8074
8,3.5008,641.3508,11.7733
9,4.0009,641.3508,8.8115
10,4.501,641.3508,8.8114
11,5.0011,641.3508,8.8114
12,5.5013,641.3508,8.8114
13,6.0014,641.3508,8.8113
14,6.5015,641.3508,8.8112
15,7.0016,641.3508,8.8112
16,7.5017,641.3508,8.8111
17,8.0018,641.3508,8.811
18,8.5019,641.3508,8.8109
19,9.002,641.3508,8.8108
20,9.5022,641.3508,8.8107
21,10.0023,641.3508,8.8106
22,10.5024,641.3508,8.8105
23,11.0025,641.3508,8.8104
24,11.5026,641.3508,8.8104
25,12.0027,641.3508,8.8104
26,12.5028,641.3508,8.8103
27,13.003,641.3508,8.8103
28,13.5031,641.3508,8.8102
29,14.0032,641.3508,8.8101
30,14.5033,641.3508,8.8101
31,15.0034,641.3508,8.8101
32,15.5035,641.3508,8.8099
33,16.0036,641.3508,8.8098
34,16.5038,641.3508,8.8097
35,17.0039,641.3508,8.8097
36,17.504,641.3508,8.8096
37,18.0041,641.3508,8.8096
38,18.5042,641.3508,8.8096
39,19.0043,641.3508,8.8095
40,19.5044,641.3508,8.8094
41,20.0045,641.3508,8.8094
42,20.5047,641.3508,8.8093
43,21.0048,641.3508,8.8093
44,21.5049,641.3508,8.8093
45,22.005,641.3508,8.8092
46,22.5051,641.3508,8.8092
47,23.0052,641.3508,8.8092
48,23.5053,641.3508,8.8091
49,24.0055,641.3508,8.809
50,24.5056,641.3508,8.8089
51,25.0057,641.3508,8.8088
52,25.5058,641.3508,8.8087
53,26.0059,641.3508,8.8087
54,26.506,641.3508,8.8086
55,27.0061,641.3508,8.8085
56,27.5063,641.3508,8.8084
57,28.0064,641.3508,8.808
58,28.5065,641.3508,8.8078
59,29.0066,641.3508,8.8076
60,29.5067,641.3508,8.8075
61,30.0068,641.3508,8.8074
62,30.5069,641.3508,8.8073
63,31.007,641.3508,8.8073
64,31.5072,641.3508,8.8072
65,32.0073,641.3508,8.8069
66,32.5074,641.3508,8.8068
67,33.0075,641.3508,8.8066
68,33.5076,641.3508,8.8064
69,34.0077,641.3508,8.8062
70,34.5078,641.3508,8.8061
71,35.008,641.3508,8.8059
72,35.5081,641.3508,8.8057
73,36.0082,641.3508,8.8055
74,36.5083,641.3508,8.8053
75,37.0084,641.3508,8.8051
76,37.5085,641.3508,8.8049
77,38.0086,641.3508,8.8048
78,38.5088,641.3508,8.8045
79,39.0089,641.3508,8.8043
80,39.509,641.3508,8.8041
81,40.0091,641.3508,8.8039
82,40.5092,641.3508,8.8038
83,41.0093,641.3508,8.8036
84,41.5094,641.3508,8.8035
85,42.0096,641.3508,8.8034
86,42.5097,641.3508,8.8033
87,43.0098,641.3508,8.8032
88,43.5099,641.3508,8.8031
89,44.01,641.3508,8.803
90,44.5101,641.3508,8.8027
91,45.0102,641.3508,8.8026
92,45.5103,641.3508,8.8025
93,46.0105,641.3508,8.8023
94,46.5106,641.3508,8.8022
95,47.0107,641.3508,8.8021
96,47.5108,641.3508,8.802
97,48.0109,641.3508,8.8019
98,48.511,641.3508,8.8019
99,49.0111,641.3508,8.8018
100,49.5113,641.3508,8.8018
101,50.0114,641.3508,8.8017
102,50.5115,641.3508,8.8016
103,51.0116,641.3508,8.8015
104,51.5117,641.3508,8.8014
105,52.0118,641.3508,8.8013
106,52.5119,641.3508,8.8013
107,53.0121,641.3508,8.8013
108,53.5122,641.3508,8.8012
109,54.0123,641.3508,8.8012
110,54.5124,641.3508,8.801
111,55.0125,641.3508,8.801
112,55.5126,641.3508,8.8008
113,56.0127,641.3508,8.8007
114,56.5128,641.3508,8.8006
115,57.013,641.3508,8.8005
116,57.5131,641.3508,8.8003
117,58.0132,641.3508,8.8002
118,58.5133,641.3508,8.8001
119,59.0134,641.3508,8.8001
120,59.5135,641.3508,8.8
121,60.0136,641.3508,8.8
122,60.5138,641.3508,8.8
