hour,h_m,h_na1_m
0,8.8279,8.2679
1,8.9386,8.3786
2,9.0418,8.4818
3,9.1304,8.5704
4,9.1984,8.6384
5,9.2412,8.6812
6,9.2558,8.6958
7,9.2412,8.6812
8,9.1984,8.6384
9,9.1305,8.5705
10,9.042,8.482
11,8.9391,8.3791
12,8.8302,8.2702
13,8.7248,8.1648
14,8.6322,8.0722
15,8.5579,7.9979
16,8.5086,7.9486
17,8.4902,7.9302
18,8.5048,7.9448
19,8.5462,7.9862
20,8.6087,8.0487
21,8.6805,8.1205
22,8.7581,8.1981
23,8.8388,8.2788
24,8.9247,8.3647
25,9.0103,8.4503
26,9.0914,8.5314
27,9.162,8.602
28,9.2185,8.6585
29,9.2542,8.6942
30,9.2675,8.7075
31,9.2567,8.6967
32,9.2199,8.6599
33,9.1589,8.5989
34,9.0781,8.5181
35,8.9883,8.4283
36,8.8975,8.3375
37,8.8146,8.2546
38,8.7487,8.1887
39,8.7069,8.1469
40,8.6911,8.1311
41,8.703,8.143
42,8.7381,8.1781
43,8.7927,8.2327
44,8.8587,8.2987
45,8.9314,8.3714
46,9.0073,8.4473
47,9.0796,8.5196
48,9.1456,8.5856
49,9.2045,8.6445
50,9.2552,8.6952
51,9.2927,8.7327
52,9.3169,8.7569
53,9.3255,8.7655
54,9.3175,8.7575
55,9.2867,8.7267
56,9.2331,8.6731
57,9.1575,8.5975
58,9.0629,8.5029
59,8.9553,8.3953
60,8.8415,8.2815
61,8.7325,8.1725
62,8.6376,8.0776
63,8.5649,8.0049
64,8.5261,7.9661
65,8.5315,7.9715
66,8.5898,8.0298
67,8.7056,8.1456
68,8.8761,8.3161
69,9.0894,8.5294
70,9.3245,8.7645
71,9.5557,8.9957
72,9.7552,9.1952
73,9.9054,9.3454
74,10.0,9.44
75,10.0462,9.4862
76,10.0663,9.5063
77,10.0848,9.5248
78,10.1199,9.5599
79,10.1793,9.6193
80,10.2577,9.6977
81,10.3407,9.7807
82,10.4057,9.8457
83,10.4306,9.8706
84,10.3979,9.8379
85,10.2965,9.7365
86,10.1329,9.5729
87,9.9223,9.3623
88,9.6876,9.1276
89,9.4523,8.8923
90,9.2443,8.6843
91,9.0885,8.5285
92,8.9987,8.4387
93,8.9817,8.4217
94,9.0299,8.4699
95,9.1308,8.5708
96,9.263,8.703
97,9.4018,8.8418
98,9.521,8.961
99,9.604,9.044
100,9.6429,9.0829
101,9.6366,9.0766
102,9.5853,9.0253
103,9.4984,8.9384
104,9.3876,8.8276
105,9.2648,8.7048
106,9.1327,8.5727
107,8.9967,8.4367
108,8.8612,8.3012
109,8.735,8.175
110,8.6227,8.0627
111,8.5292,7.9692
112,8.4588,7.8988
113,8.415,7.855
114,8.4002,7.8402
115,8.4146,7.8546
116,8.4573,7.8973
117,8.5253,7.9653
118,8.6139,8.0539
119,8.7171,8.1571
120,8.8286,8.2686
121,8.9417,8.3817
122,9.0486,8.4886
123,9.1397,8.5797
124,9.2083,8.6483
125,9.2542,8.6942
126,9.2756,8.7156
127,9.2758,8.7158
128,9.2551,8.6951
129,9.2182,8.6582
130,9.1661,8.6061
131,9.0984,8.5384
132,9.0108,8.4508
133,8.9062,8.3462
134,8.7882,8.2282
135,8.6701,8.1101
136,8.5674,8.0074
137,8.4919,7.9319
138,8.454,7.894
139,8.4505,7.8905
140,8.4821,7.9221
141,8.5417,7.9817
142,8.628,8.068
143,8.7312,8.1712
144,8.8434,8.2834
145,8.9533,8.3933
146,9.0545,8.4945
147,9.1398,8.5798
148,9.2043,8.6443
149,9.2443,8.6843
150,9.2572,8.6972
151,9.2417,8.6817
152,9.1986,8.6386
153,9.1304,8.5704
154,9.0418,8.4818
155,8.9386,8.3786
156,8.8279,8.2679
157,8.7171,8.1571
158,8.6139,8.0539
159,8.5253,7.9653
160,8.4573,7.8973
161,8.4146,7.8546
162,8.4,7.84
163,8.4146,7.8546
164,8.4573,7.8973
165,8.5253,7.9653
166,8.6139,8.0539
167,8.7171,8.1571
