reach_id,xs_id,station_km,z_bed_m,dx_m,slope,top_width_at_3m,manning_n,lon,lat
main,1,0.0,-9.2636,499.2,0.0,481.9,0.0646,105.692218,21.142659
main,2,0.4992,-6.6656,499.2,0.00493432,581.5,0.0628,105.696192,21.140994
main,3,0.9984,-5.6733,499.2,0.00042132,870.1,0.0607,105.700015,21.138819
main,4,1.4976,-9.7936,499.2,0.0,253.2,0.0589,105.703522,21.136236
main,5,1.9968,-7.5521,499.2,0.00206789,534.6,0.0583,105.70662,21.133302
main,6,2.496,-12.9578,499.2,0.00135743,96.1,0.0589,105.709903,21.130468
main,7,2.9952,-8.9,499.2,0.00084649,594.8,0.0588,105.713438,21.12793
main,8,3.4944,-9.6565,499.2,0.00107218,613.9,0.0554,105.716785,21.125188
main,9,3.9936,-10.4697,499.2,0.0,471.8,0.0492,105.719963,21.122239
main,10,4.4928,-10.3961,499.2,0.0,374.2,0.0443,105.723044,21.11935
main,11,4.992,-10.8731,499.2,0.00051734,346.2,0.0438,105.72547,21.11588
main,12,5.4912,-9.0267,499.2,0.00540977,376.9,0.0483,105.728641,21.112922
main,13,5.9904,-10.1846,499.2,0.00115312,495.0,0.0556,105.731732,21.110039
main,14,6.4896,-13.7045,499.2,0.0,422.1,0.0621,105.735244,21.107501
main,15,6.9888,-10.3111,499.2,0.0,504.3,0.0656,105.739086,21.105393
main,16,7.488,-11.5722,499.2,0.0,545.2,0.066,105.74321,21.103772
main,17,7.9872,-12.326,499.2,0.0,191.6,0.0645,105.747105,21.101745
main,18,8.4864,-11.1299,499.2,0.0,345.7,0.0615,105.750822,21.099483
main,19,8.9856,-8.3956,499.2,0.00685343,516.2,0.0583,105.755201,21.099143
main,20,9.4849,-12.1954,499.2,0.00321192,270.4,0.0561,105.759472,21.099748
main,21,9.9841,-16.5969,499.2,0.00056219,73.8,0.0551,105.763737,21.099941
main,22,10.4833,-11.76,499.2,0.0,164.1,0.0549,105.768182,21.099748
main,23,10.9825,-11.3043,499.2,0.0,186.2,0.0557,105.772386,21.098512
main,24,11.4817,-10.8328,499.2,0.00414975,217.8,0.0576,105.776522,21.097
main,25,11.9809,-11.0783,499.2,0.0,413.9,0.059,105.780739,21.096121
main,26,12.4801,-10.117,499.2,0.0,519.0,0.0578,105.785011,21.096725
main,27,12.9793,-9.7513,499.2,0.00217035,629.4,0.0542,105.789289,21.09733
main,28,13.4785,-11.0875,499.2,0.002142,547.8,0.0501,105.793569,21.097934
main,29,13.9777,-15.3975,499.2,0.0,191.9,0.0476,105.797776,21.098806
main,30,14.4769,-13.6289,499.2,0.0,272.1,0.0482,105.801904,21.100321
main,31,14.9761,-13.0344,499.2,0.01005594,239.1,0.0521,105.806255,21.100972
main,32,15.4753,-14.6648,499.2,0.0,161.5,0.0574,105.810479,21.100966
main,33,15.9745,-11.6469,499.2,0.0,215.1,0.062,105.814823,21.100294
main,34,16.4737,-9.761,499.2,0.0,271.2,0.0635,105.819008,21.098947
main,35,16.9729,-7.8557,499.2,0.0,419.4,0.0604,105.823053,21.09715
main,36,17.4721,-8.1789,499.2,0.00042654,285.1,0.0542,105.826583,21.094708
main,37,17.9713,-10.0974,499.2,0.00483578,245.2,0.0499,105.83005,21.092079
main,38,18.4705,-8.3148,499.2,4.654e-05,409.6,0.0501,105.833085,21.089024
main,39,18.9697,-9.9037,499.2,0.0,553.2,0.0524,105.835655,21.085641
main,40,19.4689,-10.2437,499.2,0.00058884,512.3,0.0529,105.838041,21.082207
main,41,19.9681,-10.4955,499.2,0.0,334.9,0.0511,105.840947,21.079042
main,42,20.4673,-9.8482,499.2,0.0,289.6,0.0489,105.843716,21.075771
main,43,20.9665,-9.8362,499.2,0.0,329.4,0.0476,105.846714,21.072786
main,44,21.4657,-9.9041,499.2,0.0,328.0,0.0471,105.849602,21.069607
main,45,21.9649,-10.2155,499.2,0.0,465.4,0.0476,105.852031,21.066132
main,46,22.4641,-10.043,499.2,0.0,504.3,0.0503,105.854466,21.062663
main,47,22.9633,-8.1368,499.2,0.0,706.2,0.0544,105.856864,21.059165
main,48,23.4625,-8.6414,499.2,0.00090798,828.1,0.0567,105.859534,21.055998
main,49,23.9617,-9.7235,499.2,0.00378532,178.3,0.0571,105.861272,21.05215
main,50,24.4609,-8.5019,499.2,0.00429818,98.9,0.0586,105.862656,21.048319
main,51,24.9601,-13.1394,499.2,0.0,205.4,0.0613,105.863304,21.044252
main,52,25.4593,-8.5452,499.2,0.0,426.8,0.0614,105.863304,21.040066
main,53,25.9585,-10.121,499.2,0.0,260.5,0.0576,105.863905,21.036061
main,54,26.4577,-7.4222,499.2,0.0,466.8,0.0534,105.864666,21.032024
main,55,26.9569,-7.2222,499.2,0.00313489,506.8,0.0522,105.866103,21.028226
main,56,27.4562,-6.3893,499.2,0.00111777,491.5,0.0535,105.86784,21.024567
main,57,27.9554,-7.0578,499.2,0.0,385.2,0.0546,105.869448,21.020865
main,58,28.4546,-6.0038,499.2,0.0,453.9,0.0543,105.870915,21.017032
main,59,28.9538,-6.0091,499.2,0.00018942,449.4,0.0533,105.872625,21.013423
main,60,29.453,-4.6827,499.2,0.00549877,638.6,0.0521,105.875547,21.010283
main,61,29.9522,-8.2507,499.2,0.01055714,428.6,0.0508,105.878372,21.007083
main,62,30.4514,-13.6906,499.2,0.00732474,75.0,0.051,105.881493,21.004229
main,63,30.9506,-12.4295,499.2,0.00234688,205.1,0.0536,105.885397,21.002396
main,64,31.4498,-16.4851,499.2,0.0,89.6,0.0559,105.889349,21.000615
main,65,31.949,-14.5933,499.2,0.0,159.2,0.0551,105.893197,20.998756
main,66,32.4482,-10.7522,499.2,0.0,283.2,0.0525,105.89718,20.996835
main,67,32.9474,-12.7434,499.2,0.0,222.4,0.051,105.900894,20.994529
main,68,33.4466,-12.1921,499.2,0.0,231.6,0.0511,105.904575,20.992303
main,69,33.9458,-8.8787,499.2,0.0,322.2,0.0512,105.907378,20.989082
main,70,34.445,-11.0354,499.2,0.0,164.8,0.0505,105.909315,20.985505
main,71,34.9442,-9.301,499.2,0.00379722,406.2,0.0497,105.909484,20.981538
main,72,35.4434,-10.2655,499.2,0.00188484,243.0,0.0492,105.90805,20.977651
main,73,35.9426,-14.2922,499.2,0.0,187.3,0.0481,105.906501,20.973947
main,74,36.4418,-12.4928,499.2,0.00320909,214.3,0.0469,105.904645,20.970146
main,75,36.941,-12.9984,499.2,0.00233499,172.5,0.0465,105.902413,20.966522
main,76,37.4402,-15.4297,499.2,0.0,172.2,0.0465,105.9001,20.962941
main,77,37.9394,-14.6956,499.2,0.0,180.8,0.0459,105.897634,20.959496
main,78,38.4386,-11.9333,499.2,0.00179937,216.3,0.0452,105.894704,20.956363
main,79,38.9378,-19.011,499.2,0.00136622,46.3,0.046,105.8917,20.953284
main,80,39.437,-15.2061,499.2,0.0,193.1,0.0488,105.888899,20.950059
main,81,39.9362,-13.5143,499.2,0.00101298,296.9,0.0525,105.887111,20.946259
main,82,40.4354,-13.3916,499.2,0.0004419,347.2,0.0555,105.885302,20.942436
main,83,40.9346,-14.4315,499.2,0.0,277.6,0.0578,105.884041,20.938516
main,84,41.4338,-12.3654,499.2,0.01176139,374.6,0.0598,105.884029,20.934579
main,85,41.933,-16.5069,499.2,0.00912192,239.1,0.0616,105.88567,20.930856
main,86,42.4322,-22.1119,499.2,0.0,64.5,0.0621,105.889745,20.929189
main,87,42.9314,-18.2366,499.2,0.0,223.3,0.0602,105.894009,20.928584
main,88,43.4306,-11.3012,499.2,0.0,283.1,0.0566,105.898494,20.928584
main,89,43.9298,-9.0271,499.2,0.00994826,397.9,0.0536,105.902978,20.928584
main,90,44.429,-11.2363,499.2,0.0031124,275.0,0.0527,105.907194,20.927374
main,91,44.9282,-17.8179,499.2,0.0,291.5,0.0533,105.910627,20.925183
main,92,45.4275,-17.6445,499.2,0.00085616,222.8,0.0543,105.913204,20.922025
main,93,45.9267,-17.2609,499.2,0.00997528,195.2,0.0556,105.913852,20.918029
main,94,46.4259,-20.4946,499.2,0.0,177.5,0.0568,105.911745,20.914513
main,95,46.9251,-18.1838,499.2,0.0,112.9,0.0572,105.908801,20.911478
main,96,47.4243,-18.1877,499.2,0.0,130.7,0.056,105.905261,20.909063
main,97,47.9235,-15.3676,499.2,0.0,186.2,0.0533,105.90181,20.906444
main,98,48.4227,-9.9328,499.2,0.0,359.0,0.0504,105.898566,20.903665
main,99,48.9219,-9.6264,499.2,0.00918184,326.5,0.0495,105.895663,20.900663
main,100,49.4211,-10.4119,499.2,0.01624717,285.4,0.0522,105.893971,20.896897
main,101,49.9203,-25.7328,499.2,0.00029949,42.5,0.0568,105.895541,20.893183
main,102,50.4195,-17.2953,499.2,0.0,129.6,0.0601,105.899059,20.890704
main,103,50.9187,-18.6321,499.2,0.0,48.6,0.0608,105.902741,20.888379
main,104,51.4179,-10.0359,499.2,0.0,188.3,0.0598,105.906589,20.886374
main,105,51.9171,-10.448,499.2,0.0,242.0,0.0595,105.910748,20.884872
main,106,52.4163,-9.8276,499.2,3.165e-05,256.5,0.0614,105.914462,20.882602
main,107,52.9155,-7.6816,,,1604.5,0.0648,105.918388,20.880768
