Gio,Time,H_td1 (m),H_td2 (m),H_td3 (m)
0,07/01/2024 0:00,8.8303,8.8302,8.8297
1,07/01/2024 1:00,8.9386,8.9386,9.1375
2,07/01/2024 2:00,9.0418,9.0418,9.3239
3,07/01/2024 3:00,9.1304,9.1304,9.4476
4,07/01/2024 4:00,9.1984,9.1984,9.5438
5,07/01/2024 5:00,9.2412,9.2412,9.623
6,07/01/2024 6:00,9.2558,9.2558,9.6802
7,07/01/2024 7:00,9.2412,9.2619,9.7164
8,07/01/2024 8:00,9.1984,9.2478,9.7335
9,07/01/2024 9:00,9.1305,9.2113,9.7344
10,07/01/2024 10:00,9.042,9.1545,9.718
11,07/01/2024 11:00,8.9391,9.0802,9.6831
12,07/01/2024 12:00,8.8302,8.9927,9.6305
13,07/01/2024 13:00,8.7248,8.8975,9.5627
14,07/01/2024 14:00,8.6322,8.803,9.4835
15,07/01/2024 15:00,8.5579,8.7164,9.3985
16,07/01/2024 16:00,8.5086,8.6443,9.315
17,07/01/2024 17:00,8.4902,8.5924,9.2387
18,07/01/2024 18:00,8.5048,8.5677,9.1745
19,07/01/2024 19:00,8.5462,8.5707,9.1285
20,07/01/2024 20:00,8.6087,8.6087,9.1037
21,07/01/2024 21:00,8.6805,8.6805,9.1077
22,07/01/2024 22:00,8.7581,8.7581,9.1465
23,07/01/2024 23:00,8.8388,8.8388,9.2061
24,07/02/2024 0:00,8.9247,8.9247,9.2794
25,07/02/2024 1:00,9.0103,9.0103,9.3584
26,07/02/2024 2:00,9.0914,9.0914,9.4413
27,07/02/2024 3:00,9.162,9.162,9.522
28,07/02/2024 4:00,9.2185,9.2185,9.5949
29,07/02/2024 5:00,9.2542,9.2542,9.6568
30,07/02/2024 6:00,9.2675,9.2706,9.7042
31,07/02/2024 7:00,9.2567,9.2778,9.7351
32,07/02/2024 8:00,9.2199,9.2664,9.7509
33,07/02/2024 9:00,9.1589,9.2344,9.7524
34,07/02/2024 10:00,9.0781,9.1829,9.7382
35,07/02/2024 11:00,8.9883,9.1167,9.707
36,07/02/2024 12:00,8.8975,9.0415,9.6598
37,07/02/2024 13:00,8.8146,8.9628,9.6005
38,07/02/2024 14:00,8.7487,8.8882,9.5321
39,07/02/2024 15:00,8.7069,8.8259,9.4615
40,07/02/2024 16:00,8.6911,8.7818,9.3936
41,07/02/2024 17:00,8.703,8.76,9.3347
42,07/02/2024 18:00,8.7381,8.7593,9.289
43,07/02/2024 19:00,8.7927,8.7927,9.26
44,07/02/2024 20:00,8.8587,8.8587,9.2599
45,07/02/2024 21:00,8.9314,8.9314,9.2937
46,07/02/2024 22:00,9.0073,9.0073,9.3487
47,07/02/2024 23:00,9.0796,9.0796,9.4168
48,07/03/2024 0:00,9.1456,9.1456,9.489
49,07/03/2024 1:00,9.2045,9.2045,9.5595
50,07/03/2024 2:00,9.2552,9.2552,9.6254
51,07/03/2024 3:00,9.2927,9.2927,9.6844
52,07/03/2024 4:00,9.3169,9.3169,9.7349
53,07/03/2024 5:00,9.3255,9.334,9.7734
54,07/03/2024 6:00,9.3175,9.3403,9.7997
55,07/03/2024 7:00,9.2867,9.3315,9.815
56,07/03/2024 8:00,9.2331,9.3042,9.8178
57,07/03/2024 9:00,9.1575,9.2573,9.8065
58,07/03/2024 10:00,9.0629,9.1925,9.7788
59,07/03/2024 11:00,8.9553,9.1111,9.7336
60,07/03/2024 12:00,8.8415,9.0171,9.6704
61,07/03/2024 13:00,8.7325,8.9172,9.5947
62,07/03/2024 14:00,8.6376,8.8179,9.5092
63,07/03/2024 15:00,8.5649,8.7287,9.419
64,07/03/2024 16:00,8.5261,8.6588,9.3316
65,07/03/2024 17:00,8.5315,8.6182,9.252
66,07/03/2024 18:00,8.5898,8.6173,9.1844
67,07/03/2024 19:00,8.7056,8.7056,9.1405
68,07/03/2024 20:00,8.8761,8.8761,9.1584
69,07/03/2024 21:00,9.0894,9.0894,9.2745
70,07/03/2024 22:00,9.3245,9.3245,9.4565
71,07/03/2024 23:00,9.5557,9.5557,9.6754
72,07/04/2024 0:00,9.7552,9.7552,9.8965
73,07/04/2024 1:00,9.9054,9.9054,10.0868
74,07/04/2024 2:00,10.0,10.0,10.2393
75,07/04/2024 3:00,10.0462,10.0462,10.3433
76,07/04/2024 4:00,10.0663,10.0663,10.415
77,07/04/2024 5:00,10.0848,10.0848,10.4606
78,07/04/2024 6:00,10.1199,10.1199,10.4922
79,07/04/2024 7:00,10.1793,10.1793,10.5251
80,07/04/2024 8:00,10.2577,10.2577,10.5693
81,07/04/2024 9:00,10.3407,10.3407,10.6257
82,07/04/2024 10:00,10.4057,10.4057,10.6875
83,07/04/2024 11:00,10.4306,10.4306,10.7425
84,07/04/2024 12:00,10.3979,10.4019,10.7736
85,07/04/2024 13:00,10.2965,10.349,10.7713
86,07/04/2024 14:00,10.1329,10.2538,10.7414
87,07/04/2024 15:00,9.9223,10.1182,10.6801
88,07/04/2024 16:00,9.6876,9.9464,10.5833
89,07/04/2024 17:00,9.4523,9.7548,10.4524
90,07/04/2024 18:00,9.2443,9.5584,10.2955
91,07/04/2024 19:00,9.0885,9.3803,10.1285
92,07/04/2024 20:00,8.9987,9.2377,9.965
93,07/04/2024 21:00,8.9817,9.1461,9.8236
94,07/04/2024 22:00,9.0299,9.1128,9.7142
95,07/04/2024 23:00,9.1308,9.138,9.6465
96,07/05/2024 0:00,9.263,9.263,9.6258
97,07/05/2024 1:00,9.4018,9.4018,9.6792
98,07/05/2024 2:00,9.521,9.521,9.7853
99,07/05/2024 3:00,9.604,9.604,9.895
100,07/05/2024 4:00,9.6429,9.6429,9.9844
101,07/05/2024 5:00,9.6366,9.644,10.0466
102,07/05/2024 6:00,9.5853,9.6304,10.0783
103,07/05/2024 7:00,9.4984,9.5873,10.0885
104,07/05/2024 8:00,9.3876,9.5183,10.0767
105,07/05/2024 9:00,9.2648,9.4296,10.0412
106,07/05/2024 10:00,9.1327,9.3263,9.9817
107,07/05/2024 11:00,8.9967,9.2124,9.9011
108,07/05/2024 12:00,8.8612,9.0901,9.8028
109,07/05/2024 13:00,8.735,8.9655,9.6934
110,07/05/2024 14:00,8.6227,8.846,9.581
111,07/05/2024 15:00,8.5292,8.7344,9.4692
112,07/05/2024 16:00,8.4588,8.6377,9.3593
113,07/05/2024 17:00,8.415,8.5614,9.2599
114,07/05/2024 18:00,8.4002,8.5072,9.1724
115,07/05/2024 19:00,8.4146,8.4815,9.1024
116,07/05/2024 20:00,8.4573,8.484,9.0524
117,07/05/2024 21:00,8.5253,8.5253,9.0246
118,07/05/2024 22:00,8.6139,8.6139,9.0307
119,07/05/2024 23:00,8.7171,8.7171,9.081
120,07/06/2024 0:00,8.8286,8.8286,9.1602
121,07/06/2024 1:00,8.9417,8.9417,9.2593
122,07/06/2024 2:00,9.0486,9.0486,9.3665
123,07/06/2024 3:00,9.1397,9.1397,9.4702
124,07/06/2024 4:00,9.2083,9.2083,9.5634
125,07/06/2024 5:00,9.2542,9.2542,9.6419
126,07/06/2024 6:00,9.2756,9.2756,9.7014
127,07/06/2024 7:00,9.2758,9.2894,9.7422
128,07/06/2024 8:00,9.2551,9.2889,9.7663
129,07/06/2024 9:00,9.2182,9.2736,9.7761
130,07/06/2024 10:00,9.1661,9.243,9.7716
131,07/06/2024 11:00,9.0984,9.1974,9.7527
132,07/06/2024 12:00,9.0108,9.1356,9.7199
133,07/06/2024 13:00,8.9062,9.0567,9.6731
134,07/06/2024 14:00,8.7882,8.9623,9.6126
135,07/06/2024 15:00,8.6701,8.8573,9.5379
136,07/06/2024 16:00,8.5674,8.7528,9.451
137,07/06/2024 17:00,8.4919,8.6596,9.3582
138,07/06/2024 18:00,8.454,8.5881,9.2697
139,07/06/2024 19:00,8.4505,8.5432,9.1905
140,07/06/2024 20:00,8.4821,8.5302,9.1296
141,07/06/2024 21:00,8.5417,8.5486,9.0904
142,07/06/2024 22:00,8.628,8.628,9.0781
143,07/06/2024 23:00,8.7312,8.7312,9.1119
144,07/07/2024 0:00,8.8434,8.8434,9.1835
145,07/07/2024 1:00,8.9533,8.9533,9.2765
146,07/07/2024 2:00,9.0545,9.0545,9.378
147,07/07/2024 3:00,9.1398,9.1398,9.4771
148,07/07/2024 4:00,9.2043,9.2043,9.5668
149,07/07/2024 5:00,9.2443,9.2443,9.6407
150,07/07/2024 6:00,9.2572,9.2597,9.695
151,07/07/2024 7:00,9.2417,9.2655,9.7295
152,07/07/2024 8:00,9.1986,9.2514,9.7467
153,07/07/2024 9:00,9.1304,9.2149,9.7481
154,07/07/2024 10:00,9.0418,9.1581,9.732
155,07/07/2024 11:00,8.9386,9.0838,9.6974
156,07/07/2024 12:00,8.8279,8.9955,9.6443
157,07/07/2024 13:00,8.7171,8.8983,9.5762
158,07/07/2024 14:00,8.6139,8.7981,9.4953
159,07/07/2024 15:00,8.5253,8.7022,9.4069
160,07/07/2024 16:00,8.4573,8.617,9.317
161,07/07/2024 17:00,8.4146,8.5474,9.2317
162,07/07/2024 18:00,8.4,8.4991,9.1547
163,07/07/2024 19:00,8.4146,8.4768,9.0925
164,07/07/2024 20:00,8.4573,8.4816,9.0481
165,07/07/2024 21:00,8.5253,8.5253,9.0242
166,07/07/2024 22:00,8.6139,8.6139,9.0337
167,07/07/2024 23:00,8.7171,8.7171,9.0857
