hour,gate_opening_m
0,0.3
1,0.3
2,0.3
3,0.3
4,0.3
5,0.3
6,0.3
7,0.3
8,0.3
9,0.3
10,0.3
11,0.3
12,0.3
13,0.3
14,0.3
15,0.3
16,0.3
17,0.3
18,0.3
19,0.3
20,0.3
21,0.3
22,0.3
23,0.3
24,0.3
25,0.335
26,0.371
27,0.406
28,0.442
29,0.477
30,0.512
31,0.548
32,0.583
33,0.619
34,0.654
35,0.69
36,0.725
37,0.76
38,0.796
39,0.831
40,0.867
41,0.902
42,0.938
43,0.973
44,1.008
45,1.044
46,1.079
47,1.115
48,1.15
49,1.185
50,1.221
51,1.256
52,1.292
53,1.327
54,1.363
55,1.398
56,1.433
57,1.469
58,1.504
59,1.54
60,1.575
61,1.61
62,1.646
63,1.681
64,1.717
65,1.752
66,1.788
67,1.823
68,1.858
69,1.894
70,1.929
71,1.965
72,2.0
73,2.0
74,2.0
75,2.0
76,2.0
77,2.0
78,2.0
79,2.0
80,2.0
81,2.0
82,2.0
83,2.0
84,2.0
85,2.0
86,2.0
87,2.0
88,2.0
89,2.0
90,2.0
91,2.0
92,2.0
93,2.0
94,2.0
95,2.0
96,2.0
97,2.0
98,2.0
99,2.0
100,2.0
101,2.0
102,2.0
103,2.0
104,2.0
105,2.0
106,2.0
107,2.0
108,2.0
109,2.0
110,2.0
111,2.0
112,2.0
113,2.0
114,2.0
115,2.0
116,2.0
117,2.0
118,2.0
119,2.0
120,2.0
121,1.962
122,1.923
123,1.885
124,1.847
125,1.809
126,1.77
127,1.732
128,1.694
129,1.655
130,1.617
131,1.579
132,1.54
133,1.502
134,1.464
135,1.426
136,1.387
137,1.349
138,1.311
139,1.272
140,1.234
141,1.196
142,1.157
143,1.119
144,1.081
145,1.043
146,1.004
147,0.966
148,0.928
149,0.889
150,0.851
151,0.813
152,0.774
153,0.736
154,0.698
155,0.66
156,0.621
157,0.583
158,0.545
159,0.506
160,0.468
161,0.43
162,0.391
163,0.353
164,0.315
165,0.277
166,0.238
167,0.2
