hour,q_m3s
0,0.0
1,0.0
2,0.0
3,0.0
4,0.0
5,0.0
6,0.0
7,0.0
8,0.0
9,0.0
10,0.0
11,0.0
12,0.0
13,0.0
14,0.0
15,0.0
16,0.0
17,0.0
18,0.0
19,0.0
20,0.0
21,0.0
22,0.0
23,0.0
24,0.0
25,0.0
26,0.0
27,0.0
28,0.0
29,0.0
30,0.0
31,0.0
32,0.0
33,0.0
34,0.0
35,0.0
36,25.0
37,25.52
38,26.05
39,26.57
40,27.08
41,27.6
42,28.11
43,28.61
44,29.1
45,29.59
46,30.07
47,30.54
48,31.0
49,31.45
50,31.88
51,32.31
52,32.71
53,33.11
54,33.49
55,33.85
56,34.19
57,34.52
58,34.83
59,35.12
60,35.39
61,35.64
62,35.88
63,36.09
64,36.28
65,36.44
66,36.59
67,36.72
68,36.82
69,36.9
70,36.95
71,36.99
72,37.0
73,36.99
74,36.95
75,36.9
76,36.82
77,36.72
78,36.59
79,36.44
80,36.28
81,36.09
82,35.88
83,35.64
84,35.39
85,35.12
86,34.83
87,34.52
88,34.19
89,33.85
90,33.49
91,33.11
92,32.71
93,32.31
94,31.88
95,31.45
96,31.0
97,30.54
98,30.07
99,29.59
100,29.1
101,28.61
102,28.11
103,27.6
104,27.08
105,26.57
106,26.05
107,25.52
108,25.0
109,0.0
110,0.0
111,0.0
112,0.0
113,0.0
114,0.0
115,0.0
116,0.0
117,0.0
118,0.0
119,0.0
120,0.0
121,0.0
122,0.0
123,0.0
124,0.0
125,0.0
126,0.0
127,0.0
128,0.0
129,0.0
130,0.0
131,0.0
132,0.0
133,0.0
134,0.0
135,0.0
136,0.0
137,0.0
138,0.0
139,0.0
140,0.0
141,0.0
142,0.0
143,0.0
144,0.0
145,0.0
146,0.0
147,0.0
148,0.0
149,0.0
150,0.0
151,0.0
152,0.0
153,0.0
154,0.0
155,0.0
156,0.0
157,0.0
158,0.0
159,0.0
160,0.0
161,0.0
162,0.0
163,0.0
164,0.0
165,0.0
166,0.0
167,0.0
