level_m,area_m2,storage_m3
-6.7788,2666638.2,5737717.2
-6.5288,2796020.5,6422315.7
-6.2788,3731659.1,8568209.9
-6.0288,9070383.1,22421140.6
-5.7788,10278405.6,26207739.3
-5.5288,11071042.7,29165612.7
-5.2788,11625343.9,32015200.3
-5.0288,12442495.5,35364516.5
-4.7788,12916443.5,38539017.6
-4.5288,14014150.5,44275150.7
-4.2788,19160843.9,71173316.7
-4.0288,20514591.7,77432352.4
-3.7788,21165589.2,82644274.2
-3.5288,21713080.8,88005719.9
-3.2788,22158428.4,93488413.7
-3.0288,22618757.2,99085253.3
-2.7788,23066828.7,104795717.5
-2.5288,23441356.5,110611858.1
-2.2788,23875808.8,116527631.6
-2.0288,24255784.3,122553209.8
-1.7788,24643931.3,128663227.1
-1.5288,25030716.4,134873920.0
-1.2788,25391625.1,141178553.4
-1.0288,25756619.5,147570743.3
-0.7788,26106632.7,154056958.9
-0.5288,26451198.3,160629017.9
-0.2788,26779420.9,167286409.7
-0.0288,27096748.1,174019611.5
0.2212,27442675.7,180841529.5
0.4712,27800860.5,187766676.8
0.7212,28101844.6,194754983.1
0.9712,28416448.0,201819812.2
1.2212,28759651.7,208967612.1
1.4712,29096045.8,216197637.8
1.7212,29395668.1,223526232.4
1.9712,29752490.9,230923114.5
2.2212,30941446.6,242122113.8
2.4712,31320060.1,249906802.4
2.7212,31956076.5,258976887.6
2.9712,32455900.9,267031449.1
3.2212,32901248.6,275212733.0
3.4712,33394263.4,283514589.3
3.7212,33943116.9,291969001.8
3.9712,34536913.7,300609103.5
4.2212,35544734.1,309888413.5
4.4712,36266551.4,318929855.9
4.7212,37052378.9,328195057.3
4.9712,37779643.8,337665951.1
5.2212,38389783.7,347223284.3
5.4712,39156544.3,357162763.5
5.7212,39768046.1,367051404.8
5.9712,40419043.6,377100880.3
6.2212,41123155.9,387317488.8
6.4712,42218139.1,398434623.9
6.7212,44286894.6,410383253.5
6.9712,45236152.4,421573251.3
7.2212,46618500.6,433341128.6
7.4712,47747531.8,445242090.9
7.7212,48872477.2,457349298.9
7.9712,50762821.3,470047409.7
8.2212,55901343.2,485935603.8
8.4712,60894139.6,502988239.0
8.7212,69688053.1,526989684.8
8.9712,74482009.4,546050640.4
9.2212,79794856.9,566442063.6
9.4712,85766873.4,588639860.0
9.7212,91062016.0,611489590.2
9.9712,96448407.2,635974645.1
10.2212,101208315.4,660936754.8
10.4712,108850045.1,690796156.4
10.7212,114752603.7,720072911.9
10.9712,118440681.4,749264377.2
11.2212,122999025.6,781087155.8
11.4712,127234594.9,813617621.8
11.7212,130189960.0,845844890.5
11.9712,133161668.1,878964386.6
12.2212,135637637.5,912981898.4
12.4712,137959710.1,947840225.1
12.7212,139900445.2,982597429.3
12.9712,141638254.4,1017812238.4
13.2212,142659693.9,1053375443.5
13.4712,143435987.9,1089321007.5
13.7212,143897678.6,1125265294.7
13.9712,144217729.7,1161280742.2
14.2212,144435636.8,1197363179.1
14.4712,144605876.7,1233493623.6
14.7212,144752964.0,1269663393.6
14.9712,144852384.1,1305863636.5
15.0,144859193.7,1310035621.2
