hour,level_m
0,12.044
1,12.101
2,12.155
3,12.202
4,12.241
5,12.268
6,12.283
7,12.285
8,12.275
9,12.254
10,12.224
11,12.188
12,12.149
13,12.112
14,12.079
15,12.054
16,12.04
17,12.039
18,12.053
19,12.082
20,12.125
21,12.181
22,12.249
23,12.325
24,12.406
25,12.488
26,12.569
27,12.644
28,12.712
29,12.769
30,12.815
31,12.849
32,12.872
33,12.884
34,12.888
35,12.886
36,12.883
37,12.881
38,12.884
39,12.894
40,12.916
41,12.95
42,12.998
43,13.061
44,13.137
45,13.226
46,13.325
47,13.43
48,13.539
49,13.647
50,13.752
51,13.849
52,13.936
53,14.01
54,14.069
55,14.113
56,14.143
57,14.159
58,14.163
59,14.158
60,14.148
61,14.134
62,14.122
63,14.113
64,14.111
65,14.118
66,14.134
67,14.161
68,14.197
69,14.242
70,14.293
71,14.346
72,14.4
73,14.45
74,14.493
75,14.525
76,14.544
77,14.547
78,14.534
79,14.504
80,14.458
81,14.396
82,14.322
83,14.238
84,14.148
85,14.055
86,13.963
87,13.876
88,13.797
89,13.727
90,13.669
91,13.623
92,13.589
93,13.566
94,13.552
95,13.544
96,13.539
97,13.534
98,13.525
99,13.509
100,13.484
101,13.447
102,13.398
103,13.337
104,13.262
105,13.177
106,13.084
107,12.984
108,12.883
109,12.783
110,12.688
111,12.601
112,12.525
113,12.463
114,12.415
115,12.383
116,12.366
117,12.362
118,12.369
119,12.385
120,12.406
121,12.428
122,12.449
123,12.464
124,12.471
125,12.468
126,12.453
127,12.426
128,12.387
129,12.337
130,12.279
131,12.215
132,12.149
133,12.084
134,12.024
135,11.971
136,11.929
137,11.899
138,11.883
139,11.882
140,11.895
141,11.92
142,11.955
143,11.997
144,12.044
145,12.091
146,12.135
147,12.173
148,12.201
149,12.218
150,12.222
151,12.213
152,12.19
153,12.157
154,12.113
155,12.064
156,12.01
157,11.957
158,11.908
159,11.866
160,11.833
161,11.812
162,11.805
163,11.811
164,11.83
165,11.862
166,11.903
167,11.951
