hour,timeseries,rainfall_mm,pet_mm,q_m3s
0,2024-07-01 00:00,0.0,0.0,380.0
1,2024-07-01 01:00,0.0,0.0,390.3528
2,2024-07-01 02:00,0.0,0.0,400.0
3,2024-07-01 03:00,0.0,0.0,408.2843
4,2024-07-01 04:00,0.0,0.0,414.641
5,2024-07-01 05:00,0.0,0.0,418.6371
6,2024-07-01 06:00,0.0,0.0,420.0003
7,2024-07-01 07:00,0.0002,0.1193,418.6388
8,2024-07-01 08:00,0.0009,0.2304,414.6508
9,2024-07-01 09:00,0.0039,0.3258,408.3309
10,2024-07-01 10:00,0.0145,0.3991,400.1926
11,2024-07-01 11:00,0.0459,0.4451,391.0469
12,2024-07-01 12:00,0.3181,0.4608,383.3418
13,2024-07-01 13:00,0.5384,0.4451,380.6074
14,2024-07-01 14:00,0.7162,0.3991,386.1916
15,2024-07-01 15:00,1.0681,0.3258,398.4934
16,2024-07-01 16:00,1.636,0.2304,418.9398
17,2024-07-01 17:00,1.8709,0.1193,449.8858
18,2024-07-01 18:00,2.2483,0.0,490.4118
19,2024-07-01 19:00,2.0412,0.0,530.2266
20,2024-07-01 20:00,1.6971,0.0,562.5086
21,2024-07-01 21:00,1.1063,0.0,574.3502
22,2024-07-01 22:00,0.8744,0.0,566.8798
23,2024-07-01 23:00,0.5597,0.0,544.1971
24,2024-07-02 00:00,0.3591,0.0,518.9396
25,2024-07-02 01:00,0.1059,0.0,493.1918
26,2024-07-02 02:00,0.1586,0.0,471.1421
27,2024-07-02 03:00,0.0268,0.0,453.5198
28,2024-07-02 04:00,0.069,0.0,443.4019
29,2024-07-02 05:00,0.2512,0.0,437.2849
30,2024-07-02 06:00,0.3157,0.0,436.811
31,2024-07-02 07:00,0.4647,0.1193,440.8715
32,2024-07-02 08:00,0.4101,0.2304,445.4101
33,2024-07-02 09:00,0.6402,0.3258,449.1817
34,2024-07-02 10:00,0.9885,0.3991,452.0751
35,2024-07-02 11:00,1.3417,0.4451,461.6017
36,2024-07-02 12:00,1.8815,0.4608,479.8952
37,2024-07-02 13:00,2.6424,0.4451,509.5542
38,2024-07-02 14:00,3.2764,0.3991,553.3783
39,2024-07-02 15:00,4.0966,0.3258,612.1956
40,2024-07-02 16:00,4.6062,0.2304,680.7991
41,2024-07-02 17:00,5.1131,0.1193,755.1462
42,2024-07-02 18:00,5.2101,0.0,825.0668
43,2024-07-02 19:00,4.957,0.0,883.8516
44,2024-07-02 20:00,4.7247,0.0,921.2155
45,2024-07-02 21:00,4.1371,0.0,934.3812
46,2024-07-02 22:00,3.3246,0.0,924.3659
47,2024-07-02 23:00,2.5862,0.0,889.7221
48,2024-07-03 00:00,2.0473,0.0,835.9256
49,2024-07-03 01:00,1.3268,0.0,771.9029
50,2024-07-03 02:00,0.9076,0.0,706.198
51,2024-07-03 03:00,0.5312,0.0,641.0685
52,2024-07-03 04:00,0.5485,0.0,584.5737
53,2024-07-03 05:00,0.374,0.0,539.5971
54,2024-07-03 06:00,0.3039,0.0,508.5736
55,2024-07-03 07:00,0.281,0.1193,483.9891
56,2024-07-03 08:00,0.1619,0.2304,464.3588
57,2024-07-03 09:00,0.1883,0.3258,447.1579
58,2024-07-03 10:00,0.0695,0.3991,430.2934
59,2024-07-03 11:00,0.0995,0.4451,414.3389
60,2024-07-03 12:00,0.3587,0.4608,399.5825
61,2024-07-03 13:00,0.5006,0.4451,391.6436
62,2024-07-03 14:00,0.9196,0.3991,393.9117
63,2024-07-03 15:00,1.6664,0.3258,408.5326
64,2024-07-03 16:00,2.715,0.2304,444.039
65,2024-07-03 17:00,4.2348,0.1193,509.1275
66,2024-07-03 18:00,6.1836,0.0,612.2945
67,2024-07-03 19:00,8.2553,0.0,758.8528
68,2024-07-03 20:00,10.187,0.0,946.2308
69,2024-07-03 21:00,11.8066,0.0,1161.0409
70,2024-07-03 22:00,12.4332,0.0,1379.587
71,2024-07-03 23:00,12.3117,0.0,1572.8339
72,2024-07-04 00:00,11.596,0.0,1710.5164
73,2024-07-04 01:00,10.3114,0.0,1777.5429
74,2024-07-04 02:00,9.4074,0.0,1774.7776
75,2024-07-04 03:00,9.286,0.0,1722.1872
76,2024-07-04 04:00,9.9804,0.0,1659.8366
77,2024-07-04 05:00,11.6335,0.0,1629.0871
78,2024-07-04 06:00,13.7502,0.0,1659.8421
79,2024-07-04 07:00,16.1768,0.1193,1764.7257
80,2024-07-04 08:00,18.2571,0.2304,1934.4804
81,2024-07-04 09:00,19.6387,0.3258,2144.7983
82,2024-07-04 10:00,20.2689,0.3991,2356.9708
83,2024-07-04 11:00,19.515,0.4451,2531.0693
84,2024-07-04 12:00,17.9212,0.4608,2632.6398
85,2024-07-04 13:00,15.6421,0.4451,2635.7095
86,2024-07-04 14:00,13.1291,0.3991,2539.4184
87,2024-07-04 15:00,10.317,0.3258,2356.1358
88,2024-07-04 16:00,7.7935,0.2304,2110.5856
89,2024-07-04 17:00,6.0078,0.1193,1830.2872
90,2024-07-04 18:00,4.6973,0.0,1551.4036
91,2024-07-04 19:00,4.3561,0.0,1308.2688
92,2024-07-04 20:00,4.383,0.0,1122.1431
93,2024-07-04 21:00,4.8748,0.0,1006.6012
94,2024-07-04 22:00,5.5045,0.0,956.7907
95,2024-07-04 23:00,6.1191,0.0,963.2017
96,2024-07-05 00:00,6.1958,0.0,1004.2792
97,2024-07-05 01:00,5.8109,0.0,1054.8949
98,2024-07-05 02:00,5.0972,0.0,1087.5321
99,2024-07-05 03:00,4.3577,0.0,1087.7484
100,2024-07-05 04:00,3.2748,0.0,1052.3943
101,2024-07-05 05:00,2.2419,0.0,986.019
102,2024-07-05 06:00,1.3411,0.0,892.8696
103,2024-07-05 07:00,1.0088,0.1193,787.7169
104,2024-07-05 08:00,0.6085,0.2304,686.006
105,2024-07-05 09:00,0.3945,0.3258,601.0767
106,2024-07-05 10:00,0.0788,0.3991,530.4215
107,2024-07-05 11:00,0.0317,0.4451,473.6257
108,2024-07-05 12:00,0.0117,0.4608,427.7686
109,2024-07-05 13:00,0.004,0.4451,395.242
110,2024-07-05 14:00,0.0012,0.3991,372.5871
111,2024-07-05 15:00,0.0004,0.3258,357.337
112,2024-07-05 16:00,0.0001,0.2304,347.4466
113,2024-07-05 17:00,0.0,0.1193,341.9721
114,2024-07-05 18:00,0.0,0.0,340.2193
115,2024-07-05 19:00,0.0,0.0,341.4362
116,2024-07-05 20:00,0.0,0.0,345.3816
117,2024-07-05 21:00,0.0,0.0,351.7223
118,2024-07-05 22:00,0.0,0.0,360.0021
119,2024-07-05 23:00,0.0002,0.0,369.6499
120,2024-07-06 00:00,0.1764,0.0,381.0637
121,2024-07-06 01:00,0.1998,0.0,394.7349
122,2024-07-06 02:00,0.0434,0.0,409.7897
123,2024-07-06 03:00,0.1821,0.0,421.5329
124,2024-07-06 04:00,0.1687,0.0,428.842
125,2024-07-06 05:00,0.5126,0.0,437.3054
126,2024-07-06 06:00,0.8279,0.0,448.4283
127,2024-07-06 07:00,1.2932,0.1193,468.2929
128,2024-07-06 08:00,1.8681,0.2304,496.003
129,2024-07-06 09:00,2.491,0.3258,534.2082
130,2024-07-06 10:00,2.5512,0.3991,578.3262
131,2024-07-06 11:00,2.5922,0.4451,619.5475
132,2024-07-06 12:00,2.0114,0.4608,642.4472
133,2024-07-06 13:00,1.3539,0.4451,640.9421
134,2024-07-06 14:00,0.9062,0.3991,609.9717
135,2024-07-06 15:00,0.3713,0.3258,559.4282
136,2024-07-06 16:00,0.4438,0.2304,503.2727
137,2024-07-06 17:00,0.2021,0.1193,452.318
138,2024-07-06 18:00,0.2529,0.0,417.4656
139,2024-07-06 19:00,0.0297,0.0,392.9313
140,2024-07-06 20:00,0.1471,0.0,380.8465
141,2024-07-06 21:00,0.1474,0.0,375.2226
142,2024-07-06 22:00,0.2814,0.0,380.1151
143,2024-07-06 23:00,0.1715,0.0,389.819
144,2024-07-07 00:00,0.142,0.0,402.2223
145,2024-07-07 01:00,0.0801,0.0,411.4334
146,2024-07-07 02:00,0.0,0.0,418.1771
147,2024-07-07 03:00,0.0,0.0,421.7519
148,2024-07-07 04:00,0.0,0.0,423.0011
149,2024-07-07 05:00,0.0,0.0,423.1468
150,2024-07-07 06:00,0.0,0.0,422.0328
151,2024-07-07 07:00,0.0,0.1193,419.4585
152,2024-07-07 08:00,0.0,0.2304,414.8332
153,2024-07-07 09:00,0.0,0.3258,408.2843
154,2024-07-07 10:00,0.0,0.3991,400.0
155,2024-07-07 11:00,0.0,0.4451,390.3528
156,2024-07-07 12:00,0.0,0.4608,380.0
157,2024-07-07 13:00,0.0,0.4451,369.6472
158,2024-07-07 14:00,0.0,0.3991,360.0
159,2024-07-07 15:00,0.0,0.3258,351.7157
160,2024-07-07 16:00,0.0,0.2304,345.359
161,2024-07-07 17:00,0.0,0.1193,341.363
162,2024-07-07 18:00,0.0,0.0,340.0
163,2024-07-07 19:00,0.0,0.0,341.363
164,2024-07-07 20:00,0.0,0.0,345.359
165,2024-07-07 21:00,0.0,0.0,351.7157
166,2024-07-07 22:00,0.0,0.0,360.0
167,2024-07-07 23:00,0.0,0.0,369.6472
