hour,rainfall_mm,pet_mm,et_mm,q_total_mm,q_m3s,q_overland_mm,q_inter_mm,q_base_mm,pn_mm,recharge_mm,u_mm,l_mm,g_mm
0,0.0,0.0,0.0,2.8239,431.4323,0.0,0.0,2.8239,0.0,0.0,0.0,16.0,847.1761
1,0.0,0.0,0.0,2.8145,429.9989,0.0,0.0,2.8145,0.0,0.0,0.0,16.0,844.3615
2,0.0,0.0,0.0,2.8052,428.5704,0.0,0.0,2.8052,0.0,0.0,0.0,16.0,841.5564
3,0.0,0.0,0.0,2.7959,427.1465,0.0,0.0,2.7959,0.0,0.0,0.0,16.0,838.7605
4,0.0,0.0,0.0,2.7866,425.7275,0.0,0.0,2.7866,0.0,0.0,0.0,16.0,835.9739
5,0.0,0.0,0.0,2.7773,424.3131,0.0,0.0,2.7773,0.0,0.0,0.0,16.0,833.1966
6,0.0,0.0,0.0,2.7681,422.9034,0.0,0.0,2.7681,0.0,0.0,0.0,16.0,830.4285
7,0.0002,0.1193,0.1193,2.7589,421.4984,0.0,0.0,2.7589,0.0,0.0,0.0,15.8809,827.6696
8,0.0009,0.2304,0.2287,2.7497,420.0981,0.0,0.0,2.7497,0.0,0.0,0.0,15.6531,824.9199
9,0.0039,0.3258,0.3188,2.7406,418.7024,0.0,0.0,2.7406,0.0,0.0,0.0,15.3382,822.1793
10,0.0145,0.3991,0.3832,2.7315,417.3114,0.0,0.0,2.7315,0.0,0.0,0.0,14.9695,819.4478
11,0.0459,0.4451,0.4194,2.7224,415.9249,0.0,0.0,2.7224,0.0,0.0,0.0,14.596,816.7253
12,0.3181,0.4608,0.4483,2.7134,414.5431,0.0,0.0,2.7134,0.0,0.0,0.0,14.4658,814.012
13,0.5384,0.4451,0.4451,2.705,413.2644,0.0,0.0006,2.7044,0.0,0.0,0.0862,14.4658,811.3076
14,0.7162,0.3991,0.3991,2.6987,412.3087,0.0,0.0034,2.6954,0.0,0.0,0.3726,14.4658,808.6122
15,1.0681,0.3258,0.3258,2.6972,412.0711,0.0,0.0108,2.6864,0.0,0.0,1.0302,14.4658,805.9258
16,1.636,0.2304,0.2304,2.7041,413.13,0.0,0.0266,2.6775,0.0,0.0,2.2506,14.4658,803.2483
17,1.8709,0.1193,0.1193,2.7205,415.6273,0.0,0.0519,2.6686,0.0,0.0,3.6979,14.4658,800.5797
18,2.2483,0.0,0.0,2.744,419.2203,0.0,0.0817,2.6623,0.9462,0.7648,4.6199,14.6473,798.6822
19,2.0412,0.0,0.0,2.7681,422.9113,0.0,0.1101,2.658,1.6611,1.3802,4.6057,14.9282,797.4044
20,1.6971,0.0,0.0,2.8338,432.9455,0.0434,0.138,2.6524,1.3028,0.9778,4.5837,15.0794,795.7297
21,1.1063,0.0,0.0,2.8927,441.9357,0.0832,0.1643,2.6452,0.69,0.47,4.5719,15.1405,793.5546
22,0.8744,0.0,0.0,2.9285,447.4041,0.1024,0.1887,2.6374,0.4463,0.291,4.5671,15.1756,791.2083
23,0.5597,0.0,0.0,2.9309,447.7728,0.0908,0.2112,2.6289,0.1268,0.0806,4.5644,15.1848,788.66
24,0.3591,0.0,0.0,2.9164,445.5631,0.0652,0.231,2.6201,0.0,0.0,4.4939,15.1848,786.0398
25,0.1059,0.0,0.0,2.9005,443.1302,0.0425,0.2465,2.6114,0.0,0.0,4.1984,15.1848,783.4284
26,0.1586,0.0,0.0,2.8877,441.1697,0.0262,0.2587,2.6028,0.0,0.0,3.9768,15.1848,780.8257
27,0.0268,0.0,0.0,2.8766,439.4837,0.0156,0.2669,2.5941,0.0,0.0,3.6542,15.1848,778.2316
28,0.069,0.0,0.0,2.8667,437.9707,0.009,0.2722,2.5855,0.0,0.0,3.3983,15.1848,775.6461
29,0.2512,0.0,0.0,2.8584,436.7057,0.0051,0.2764,2.5769,0.0,0.0,3.331,15.1848,773.0692
30,0.3157,0.0,0.0,2.8514,435.6336,0.0029,0.2802,2.5683,0.0,0.0,3.3285,15.1848,770.5008
31,0.4647,0.1193,0.1193,2.8453,434.6948,0.0016,0.2839,2.5598,0.0,0.0,3.3533,15.1848,767.941
32,0.4101,0.2304,0.2304,2.8383,433.6249,0.0009,0.2861,2.5513,0.0,0.0,3.2247,15.1848,765.3897
33,0.6402,0.3258,0.3258,2.8315,432.5848,0.0005,0.2882,2.5428,0.0,0.0,3.2303,15.1848,762.8469
34,0.9885,0.3991,0.3991,2.8269,431.8879,0.0003,0.2923,2.5344,0.0,0.0,3.4864,15.1848,760.3125
35,1.3417,0.4451,0.4451,2.8266,431.8361,0.0001,0.3005,2.526,0.0,0.0,4.0005,15.1848,757.7866
36,1.8815,0.4608,0.4608,2.8627,437.3563,0.0314,0.3128,2.5184,0.4212,0.2656,4.5637,15.215,755.5338
37,2.6424,0.4451,0.4451,3.0089,459.6986,0.171,0.3243,2.5137,1.761,1.0846,4.5613,15.333,754.1047
38,3.2764,0.3991,0.3991,3.2479,496.2044,0.4025,0.3355,2.5098,2.4386,1.3575,4.5521,15.4565,752.9523
39,4.0966,0.3258,0.3258,3.6053,550.8036,0.7517,0.3466,2.5069,3.3229,1.6359,4.5425,15.5757,752.0813
40,4.6062,0.2304,0.2304,4.0498,618.7174,1.1881,0.3575,2.5042,3.9183,1.6764,4.5331,15.6696,751.2536
41,5.1131,0.1193,0.1193,4.5583,696.402,1.6886,0.3681,2.5015,4.5269,1.6998,4.5258,15.7428,750.4519
42,5.2101,0.0,0.0,5.0441,770.6338,2.1674,0.3783,2.4984,4.7359,1.5802,4.5201,15.7953,749.5337
43,4.957,0.0,0.0,5.3988,824.8239,2.5163,0.3879,2.4947,4.4771,1.3573,4.516,15.831,748.3963
44,4.7247,0.0,0.0,5.6162,858.031,2.729,0.3969,2.4903,4.2407,1.1967,4.5132,15.8568,747.1027
45,4.1371,0.0,0.0,5.655,863.9641,2.7645,0.4053,2.4853,3.6503,0.9742,4.5112,15.8745,745.5916
46,3.3246,0.0,0.0,5.499,840.1304,2.6066,0.413,2.4795,2.8358,0.7268,4.5098,15.8861,743.8389
47,2.5862,0.0,0.0,5.2,794.4398,2.3069,0.4201,2.473,2.096,0.5226,4.5089,15.8937,741.8886
48,2.0473,0.0,0.0,4.8404,739.5055,1.9478,0.4266,2.466,1.5562,0.381,4.5083,15.8988,739.8036
49,1.3268,0.0,0.0,4.4198,675.2414,1.5287,0.4325,2.4585,0.8351,0.2019,4.5079,15.9014,737.5469
50,0.9076,0.0,0.0,4.009,612.4898,1.1204,0.438,2.4507,0.4155,0.0998,4.5077,15.9026,735.1961
51,0.5312,0.0,0.0,3.631,554.7432,0.7456,0.4429,2.4425,0.0389,0.0093,4.5076,15.9027,732.7628
52,0.5485,0.0,0.0,3.358,513.0283,0.4761,0.4474,2.4345,0.0561,0.0134,4.5076,15.9029,730.3418
53,0.374,0.0,0.0,3.1666,483.7785,0.2897,0.4504,2.4264,0.0,0.0,4.4008,15.9029,727.9154
54,0.3039,0.0,0.0,3.0406,464.5411,0.1707,0.4516,2.4183,0.0,0.0,4.2414,15.9029,725.4971
55,0.281,0.1193,0.1193,2.9585,451.9983,0.0983,0.45,2.4103,0.0,0.0,3.9695,15.9029,723.0868
56,0.1619,0.2304,0.2304,2.9019,443.3416,0.0556,0.444,2.4023,0.0,0.0,3.5168,15.9029,720.6845
57,0.1883,0.3258,0.3258,2.8592,436.8249,0.031,0.4339,2.3943,0.0,0.0,3.0465,15.9029,718.2902
58,0.0695,0.3991,0.3991,2.8222,431.1764,0.0171,0.4188,2.3863,0.0,0.0,2.4493,15.9029,715.9039
59,0.0995,0.4451,0.4451,2.7873,425.8415,0.0094,0.3995,2.3784,0.0,0.0,1.8965,15.9029,713.5255
60,0.3587,0.4608,0.4608,2.7549,420.8855,0.0051,0.3793,2.3705,0.0,0.0,1.6177,15.9029,711.1549
61,0.5006,0.4451,0.4451,2.7252,416.3453,0.0027,0.3598,2.3626,0.0,0.0,1.5084,15.9029,708.7923
62,0.9196,0.3991,0.3991,2.7015,412.73,0.0015,0.3452,2.3548,0.0,0.0,1.8291,15.9029,706.4375
63,1.6664,0.3258,0.3258,2.69,410.9705,0.0008,0.3422,2.347,0.0,0.0,2.8576,15.9029,704.0905
64,2.715,0.2304,0.2304,2.7606,421.7538,0.0652,0.3559,2.3394,0.3422,0.0819,4.5076,15.9039,701.833
65,4.2348,0.1193,0.1193,3.4549,527.8279,0.752,0.3683,2.3345,3.6231,0.8646,4.5075,15.9144,700.3631
66,6.1836,0.0,0.0,4.5352,692.885,1.8244,0.3797,2.3312,5.6911,1.3221,4.5067,15.9287,699.354
67,8.2553,0.0,0.0,5.8583,895.018,3.139,0.3901,2.3292,7.762,1.736,4.5056,15.9443,698.7607
68,10.187,0.0,0.0,7.3115,1117.0366,4.5835,0.3997,2.3284,9.6926,2.0758,4.5043,15.9589,698.5082
69,11.8066,0.0,0.0,8.7798,1341.3609,6.043,0.4085,2.3283,11.3109,2.322,4.5032,15.9709,698.5018
70,12.4332,0.0,0.0,10.0335,1532.8899,7.2884,0.4166,2.3285,11.9364,2.3626,4.5023,15.9795,698.536
71,12.3117,0.0,0.0,10.9131,1667.2748,8.1607,0.4241,2.3283,11.814,2.2758,4.5016,15.9854,698.4835
72,11.596,0.0,0.0,11.346,1733.4143,8.5876,0.4309,2.3275,11.0976,2.0979,4.5011,15.9892,698.2538
73,10.3114,0.0,0.0,11.305,1727.1471,8.542,0.4371,2.3259,9.8125,1.8317,4.5008,15.9917,697.7596
74,9.4074,0.0,0.0,10.9758,1676.8567,8.2094,0.4427,2.3236,8.9082,1.6493,4.5007,15.9934,697.0853
75,9.286,0.0,0.0,10.6351,1624.8013,7.8659,0.4479,2.3213,8.7867,1.6174,4.5005,15.9947,696.3814
76,9.9804,0.0,0.0,10.5211,1607.3827,7.7491,0.4526,2.3193,9.4809,1.7374,4.5004,15.9959,695.7995
77,11.6335,0.0,0.0,10.833,1655.0419,8.0577,0.4569,2.3184,11.1339,2.0325,4.5003,15.9969,695.5136
78,13.7502,0.0,0.0,11.6098,1773.7123,8.8303,0.4608,2.3187,13.2505,2.4103,4.5002,15.9979,695.6052
79,16.1768,0.1193,0.1193,12.7845,1953.1904,9.9998,0.4643,2.3204,15.5577,2.8211,4.5002,15.9986,696.1059
80,18.2571,0.2304,0.2304,14.1721,2165.1826,11.3814,0.4676,2.3232,17.5269,3.1699,4.5001,15.9992,696.9526
81,19.6387,0.3258,0.3258,15.5328,2373.0649,12.7355,0.4705,2.3267,18.813,3.3961,4.5001,15.9995,698.022
82,20.2689,0.3991,0.3991,16.6633,2545.785,13.8595,0.4732,2.3306,19.3699,3.4924,4.5,15.9997,699.1838
83,19.515,0.4451,0.4451,17.2913,2641.7217,14.4817,0.4756,2.334,18.5699,3.3457,4.5,15.9998,700.1955
84,17.9212,0.4608,0.4608,17.3075,2644.1942,14.4932,0.4778,2.3364,16.9604,3.0545,4.5,15.9999,700.9136
85,15.6421,0.4451,0.4451,16.7027,2551.8071,13.8855,0.4798,2.3374,14.697,2.6464,4.5,15.9999,701.2226
86,13.1291,0.3991,0.3991,15.5878,2381.4742,12.7692,0.4817,2.337,12.23,2.2019,4.5,16.0,701.0875
87,10.317,0.3258,0.3258,14.0617,2148.3097,11.2434,0.4833,2.3349,9.4912,1.7087,4.5,16.0,700.4613
88,7.7935,0.2304,0.2304,12.3152,1881.495,9.499,0.4849,2.3313,7.0631,1.2715,4.5,16.0,699.4015
89,6.0078,0.1193,0.1193,10.6058,1620.3378,7.7928,0.4862,2.3268,5.3885,0.97,4.5,16.0,698.0447
90,4.6973,0.0,0.0,9.0875,1388.3751,6.2785,0.4875,2.3216,4.1973,0.7556,4.5,16.0,696.4787
91,4.3561,0.0,0.0,7.9256,1210.8498,5.1208,0.4886,2.3162,3.8561,0.6942,4.5,16.0,694.8567
92,4.383,0.0,0.0,7.1476,1091.9958,4.3471,0.4897,2.3108,3.883,0.699,4.5,16.0,693.2449
93,4.8748,0.0,0.0,6.7601,1032.7961,3.9638,0.4906,2.3058,4.3748,0.7875,4.5,16.0,691.7267
94,5.5045,0.0,0.0,6.6954,1022.9131,3.9029,0.4915,2.3011,5.0045,0.9009,4.5,16.0,690.3264
95,6.1191,0.0,0.0,6.8529,1046.9682,4.0639,0.4922,2.2968,5.6191,1.0115,4.5,16.0,689.0411
96,6.1958,0.0,0.0,7.0413,1075.7492,4.2558,0.4929,2.2926,5.6958,1.0253,4.5,16.0,687.7738
97,5.8109,0.0,0.0,7.1102,1086.2853,4.3285,0.4936,2.2881,5.3109,0.956,4.5,16.0,686.4417
98,5.0972,0.0,0.0,6.9844,1067.0675,4.207,0.4942,2.2833,4.5972,0.8275,4.5,16.0,684.9859
99,4.3577,0.0,0.0,6.6884,1021.837,3.9157,0.4947,2.278,3.8577,0.6944,4.5,16.0,683.4023
100,3.2748,0.0,0.0,6.2,947.2288,3.4328,0.4952,2.2721,2.7748,0.4995,4.5,16.0,681.6297
101,2.2419,0.0,0.0,5.5721,851.2991,2.8109,0.4956,2.2656,1.7419,0.3136,4.5,16.0,679.6777
102,1.3411,0.0,0.0,4.8797,745.5169,2.1252,0.496,2.2586,0.8411,0.1514,4.5,16.0,677.5705
103,1.0088,0.1193,0.1193,4.25,649.2983,1.5023,0.4964,2.2513,0.3895,0.0701,4.5,16.0,675.3893
104,0.6085,0.2304,0.2304,3.7104,566.867,0.971,0.4956,2.2438,0.0,0.0,4.3903,16.0,673.1455
105,0.3945,0.3258,0.3258,3.3229,507.6592,0.5954,0.4911,2.2364,0.0,0.0,4.0131,16.0,670.9092
106,0.0788,0.3991,0.3991,3.0616,467.746,0.3527,0.48,2.2289,0.0,0.0,3.3235,16.0,668.6802
107,0.0317,0.4451,0.4451,2.8882,441.2481,0.2038,0.4628,2.2215,0.0,0.0,2.6191,16.0,666.4587
108,0.0117,0.4608,0.4608,2.7703,423.2362,0.1156,0.4405,2.2141,0.0,0.0,1.953,16.0,664.2445
109,0.004,0.4451,0.4451,2.6857,410.3099,0.0647,0.4142,2.2068,0.0,0.0,1.3607,16.0,662.0377
110,0.0012,0.3991,0.3991,2.6205,400.3574,0.0358,0.3853,2.1995,0.0,0.0,0.8665,16.0,659.8383
111,0.0004,0.3258,0.3258,2.5669,392.1705,0.0196,0.3552,2.1922,0.0,0.0,0.487,16.0,657.6461
112,0.0001,0.2304,0.2304,2.5208,385.1148,0.0107,0.3252,2.1849,0.0,0.0,0.231,16.0,655.4613
113,0.0,0.1193,0.1193,2.48,378.8952,0.0058,0.2967,2.1776,0.0,0.0,0.1006,16.0,653.2837
114,0.0,0.0,0.0,2.4441,373.4019,0.0031,0.2706,2.1704,0.0,0.0,0.0905,16.0,651.1133
115,0.0,0.0,0.0,2.4117,368.4475,0.0017,0.2468,2.1632,0.0,0.0,0.0815,16.0,648.9501
116,0.0,0.0,0.0,2.382,363.9162,0.0009,0.2251,2.156,0.0,0.0,0.0733,16.0,646.7941
117,0.0,0.0,0.0,2.3546,359.7336,0.0005,0.2053,2.1488,0.0,0.0,0.066,16.0,644.6453
118,0.0,0.0,0.0,2.3292,355.8491,0.0002,0.1873,2.1417,0.0,0.0,0.0594,16.0,642.5036
119,0.0002,0.0,0.0,2.3055,352.226,0.0001,0.1708,2.1346,0.0,0.0,0.0536,16.0,640.3691
120,0.1764,0.0,0.0,2.2849,349.0806,0.0001,0.1574,2.1275,0.0,0.0,0.207,16.0,638.2416
121,0.1998,0.0,0.0,2.2672,346.3754,0.0,0.1467,2.1204,0.0,0.0,0.3661,16.0,636.1212
122,0.0434,0.0,0.0,2.2505,343.8272,0.0,0.1371,2.1134,0.0,0.0,0.3686,16.0,634.0078
123,0.1821,0.0,0.0,2.236,341.6135,0.0,0.1297,2.1063,0.0,0.0,0.4956,16.0,631.9015
124,0.1687,0.0,0.0,2.2233,339.6654,0.0,0.1239,2.0993,0.0,0.0,0.5979,16.0,629.8022
125,0.5126,0.0,0.0,2.2151,338.4207,0.0,0.1227,2.0924,0.0,0.0,0.9994,16.0,627.7098
126,0.8279,0.0,0.0,2.2136,338.1916,0.0,0.1282,2.0854,0.0,0.0,1.6446,16.0,625.6244
127,1.2932,0.1193,0.1193,2.2207,339.267,0.0,0.1422,2.0785,0.0,0.0,2.5367,16.0,623.5459
128,1.8681,0.2304,0.2304,2.2388,342.0351,0.0,0.1672,2.0716,0.0,0.0,3.7569,16.0,621.4743
129,2.491,0.3258,0.3258,2.4517,374.5703,0.189,0.1974,2.0653,0.9221,0.166,4.5,16.0,619.575
130,2.5512,0.3991,0.3991,2.812,429.6176,0.5277,0.225,2.0594,1.6521,0.2974,4.5,16.0,617.8131
131,2.5922,0.4451,0.4451,3.1216,476.9088,0.8181,0.25,2.0535,1.6471,0.2965,4.5,16.0,616.056
132,2.0114,0.4608,0.4608,3.2216,492.1837,0.9016,0.2727,2.0473,1.0506,0.1891,4.5,16.0,614.1978
133,1.3539,0.4451,0.4451,3.115,475.8952,0.7808,0.2934,2.0408,0.4088,0.0736,4.5,16.0,612.2306
134,0.9062,0.3991,0.3991,2.903,443.5182,0.5569,0.3121,2.034,0.0071,0.0013,4.5,16.0,610.1979
135,0.3713,0.3258,0.3258,2.714,414.6404,0.3617,0.3251,2.0272,0.0,0.0,4.091,16.0,608.1707
136,0.4438,0.2304,0.2304,2.5776,393.8043,0.2225,0.3347,2.0205,0.0,0.0,3.8739,16.0,606.1502
137,0.2021,0.1193,0.1193,2.486,379.8116,0.132,0.3402,2.0138,0.0,0.0,3.561,16.0,604.1364
138,0.2529,0.0,0.0,2.4275,370.8646,0.0764,0.344,2.0071,0.0,0.0,3.4326,16.0,602.1293
139,0.0297,0.0,0.0,2.388,364.8341,0.0434,0.3442,2.0004,0.0,0.0,3.116,16.0,600.1289
140,0.1471,0.0,0.0,2.3606,360.6518,0.0243,0.3425,1.9938,0.0,0.0,2.9368,16.0,598.1351
141,0.1474,0.0,0.0,2.3401,357.5077,0.0135,0.3394,1.9872,0.0,0.0,2.7758,16.0,596.1479
142,0.2814,0.0,0.0,2.3243,355.1024,0.0074,0.3364,1.9806,0.0,0.0,2.7515,16.0,594.1674
143,0.1715,0.0,0.0,2.3104,352.971,0.004,0.3324,1.974,0.0,0.0,2.6307,16.0,592.1934
144,0.142,0.0,0.0,2.2969,350.9221,0.0022,0.3274,1.9674,0.0,0.0,2.4954,16.0,590.226
145,0.0801,0.0,0.0,2.2831,348.8007,0.0012,0.321,1.9609,0.0,0.0,2.318,16.0,588.2651
146,0.0,0.0,0.0,2.2679,346.4834,0.0006,0.3129,1.9544,0.0,0.0,2.0862,16.0,586.3107
147,0.0,0.0,0.0,2.2516,343.9986,0.0003,0.3034,1.9479,0.0,0.0,1.8775,16.0,584.3628
148,0.0,0.0,0.0,2.2345,341.3796,0.0002,0.2929,1.9414,0.0,0.0,1.6898,16.0,582.4214
149,0.0,0.0,0.0,2.2167,338.6604,0.0001,0.2816,1.935,0.0,0.0,1.5208,16.0,580.4865
150,0.0,0.0,0.0,2.1984,335.8721,0.0,0.2699,1.9285,0.0,0.0,1.3687,16.0,578.5579
151,0.0,0.1193,0.1193,2.1788,332.877,0.0,0.2567,1.9221,0.0,0.0,1.1245,16.0,576.6358
152,0.0,0.2304,0.2304,2.1572,329.5762,0.0,0.2415,1.9157,0.0,0.0,0.8047,16.0,574.7201
153,0.0,0.3258,0.3258,2.1333,325.9141,0.0,0.2239,1.9094,0.0,0.0,0.431,16.0,572.8107
154,0.0,0.3991,0.3991,2.1068,321.8793,0.0,0.2038,1.903,0.0,0.0,0.0287,16.0,570.9077
155,0.0,0.4451,0.4451,2.082,318.0823,0.0,0.1853,1.8967,0.0,0.0,0.0,15.5836,569.011
156,0.0,0.4608,0.4488,2.0588,314.546,0.0,0.1684,1.8904,0.0,0.0,0.0,15.1348,567.1206
157,0.0,0.4451,0.421,2.0373,311.2469,0.0,0.1531,1.8841,0.0,0.0,0.0,14.7138,565.2365
158,0.0,0.3991,0.367,2.0171,308.1638,0.0,0.1392,1.8779,0.0,0.0,0.0,14.3467,563.3586
159,0.0,0.3258,0.2921,1.9982,305.2771,0.0,0.1266,1.8716,0.0,0.0,0.0,14.0546,561.487
160,0.0,0.2304,0.2024,1.9805,302.5695,0.0,0.115,1.8654,0.0,0.0,0.0,13.8522,559.6216
161,0.0,0.1193,0.1033,1.9638,300.0247,0.0,0.1046,1.8592,0.0,0.0,0.0,13.7489,557.7624
162,0.0,0.0,0.0,1.9481,297.6284,0.0,0.0951,1.853,0.0,0.0,0.0,13.7489,555.9093
163,0.0,0.0,0.0,1.9333,295.3673,0.0,0.0864,1.8469,0.0,0.0,0.0,13.7489,554.0625
164,0.0,0.0,0.0,1.9193,293.2293,0.0,0.0786,1.8407,0.0,0.0,0.0,13.7489,552.2217
165,0.0,0.0,0.0,1.9061,291.2036,0.0,0.0714,1.8346,0.0,0.0,0.0,13.7489,550.3871
166,0.0,0.0,0.0,1.8935,289.2803,0.0,0.0649,1.8285,0.0,0.0,0.0,13.7489,548.5586
167,0.0,0.0,0.0,1.8815,287.4502,0.0,0.059,1.8225,0.0,0.0,0.0,13.7489,546.7361
