hour,rainfall_mm,spawned,landed_hour,alive,accum_mean_mm,accum_max_mm
0,0.0,0,0,0,0.0,0.0
1,0.0,0,0,0,0.0,0.0
2,0.0,0,0,0,0.0,0.0
3,0.0,0,0,0,0.0,0.0
4,0.0,0,0,0,0.0,0.0
5,0.0,0,0,0,0.0,0.0
6,0.0,0,0,0,0.0,0.0
7,0.0002,80,0,80,0.0,0.0
8,0.0009,80,0,157,0.0,0.0
9,0.0039,80,44,189,0.00011,0.0621
10,0.0145,80,75,192,0.0006562499999999998,0.27945
11,0.0459,80,78,189,0.00322125,1.4904
12,0.3181,240,77,346,0.0126725,9.0045
13,0.5384,480,72,738,0.04142250000000001,15.462900000000003
14,0.7162,640,157,1208,0.22338249999999998,47.1753
15,1.0681,960,362,1796,0.6486791666666667,60.78555
16,1.636,1440,562,2674,1.2658034375,60.78555
17,1.8709,1600,819,3455,2.1308440625,60.78555
18,2.2483,1920,1234,4141,3.4486306250000003,88.9418625
19,2.0412,1760,1529,4372,5.147731972222222,113.12481
20,1.6971,1440,1780,4032,7.123255513888889,113.12481
21,1.1063,960,1831,3161,9.144288861426768,116.02923954545454
22,0.8744,720,1574,2307,10.90427397506313,144.01327159090908
23,0.5597,480,1172,1615,12.1839828292298,144.01327159090908
24,0.3591,320,821,1114,13.109355329229798,146.0324625
25,0.1059,80,588,606,13.76602630145202,146.0324625
26,0.1586,160,387,379,14.194451405618688,146.0324625
27,0.0268,80,181,269,14.394811093118687,146.0324625
28,0.069,80,122,221,14.527381093118686,146.0324625
29,0.2512,240,108,350,14.605561093118686,146.0324625
30,0.3157,240,76,504,14.653703593118687,146.0324625
31,0.4647,400,160,734,14.814908593118687,146.0324625
32,0.4101,320,229,815,15.088486093118687,176.42166204545455
33,0.6402,560,324,1051,15.474451009785353,176.42166204545455
34,0.9885,880,354,1577,15.897503509785354,176.42166204545455
35,1.3417,1200,453,2324,16.401354849071065,176.42166204545455
36,1.8815,1600,743,3181,17.19113962179834,176.42166204545455
37,2.6424,2320,1063,4438,18.31559250058622,176.42166204545455
38,3.2764,2880,1427,5891,19.870345104752886,176.42166204545455
39,4.0966,3520,2005,7406,22.06341090216668,200.9627784874608
40,4.6062,4000,2638,8768,24.916738526687748,204.7135654937304
41,5.1131,4400,3247,9921,28.464487832243307,222.50519386363635
42,5.2101,4560,3781,10700,32.63723647087967,222.50519386363635
43,4.957,4320,4237,10783,37.28898727997058,251.37096749999998
44,4.7247,4080,4488,10375,42.203354569444265,251.37096749999998
45,4.1371,3600,4431,9544,47.03868061232925,266.8450559602376
46,3.3246,2880,4169,8255,51.585997379758446,285.42137006139956
47,2.5862,2240,3812,6683,55.774857226163675,285.42137006139956
48,2.0473,1760,3199,5244,59.29835578171923,312.79388224598927
49,1.3268,1120,2516,3848,62.0679187281478,312.79388224598927
50,0.9076,800,1962,2686,64.23516734827767,316.0952250254614
51,0.5312,480,1402,1764,65.81398593594001,316.0952250254614
52,0.5485,480,939,1305,66.86309093594001,316.0952250254614
53,0.374,320,617,1008,67.50495526927335,340.28348224598926
54,0.3039,240,483,765,68.02799964427335,340.28348224598926
55,0.281,240,387,618,68.44619131094001,340.28348224598926
56,0.1619,160,268,494,68.76507881094001,340.28348224598926
57,0.1883,160,232,420,69.04625381094002,340.28348224598926
58,0.0695,80,186,300,69.24599297760668,340.28348224598926
59,0.0995,80,149,226,69.41062235260668,340.28348224598926
60,0.3587,320,113,428,69.52856672760669,340.28348224598926
61,0.5006,400,76,725,69.61071672760667,340.28348224598926
62,0.9196,800,204,1314,69.84368641510669,340.28348224598926
63,1.6664,1440,345,2409,70.24536710260668,340.28348224598926
64,2.715,2320,624,4105,70.95429810260667,368.8370622459893
65,4.2348,3680,1162,6623,72.22701638038447,368.8370622459893
66,6.1836,5360,1939,10044,74.39354809494384,368.8370622459893
67,8.2553,7200,2985,13838,77.66852924187037,368.8370622459893
68,10.187,8880,97,13997,77.7801530462182,368.8370622459893
69,11.8066,10240,0,13996,77.7801530462182,368.8370622459893
70,12.4332,10800,0,13996,77.7801530462182,368.8370622459893
71,12.3117,10720,0,13994,77.7801530462182,368.8370622459893
72,11.596,10080,0,13998,77.7801530462182,368.8370622459893
73,10.3114,8960,0,13992,77.7801530462182,368.8370622459893
74,9.4074,8160,0,13995,77.7801530462182,368.8370622459893
75,9.286,8080,0,13993,77.7801530462182,368.8370622459893
76,9.9804,8640,0,13995,77.7801530462182,368.8370622459893
77,11.6335,10080,0,13996,77.7801530462182,368.8370622459893
78,13.7502,11920,0,13998,77.7801530462182,368.8370622459893
79,16.1768,14080,0,13998,77.7801530462182,368.8370622459893
80,18.2571,15840,0,13992,77.7801530462182,368.8370622459893
81,19.6387,17040,0,13996,77.7801530462182,368.8370622459893
82,20.2689,17600,0,13997,77.7801530462182,368.8370622459893
83,19.515,16960,0,13997,77.7801530462182,368.8370622459893
84,17.9212,15600,0,13997,77.7801530462182,368.8370622459893
85,15.6421,13600,0,13998,77.7801530462182,368.8370622459893
86,13.1291,11440,0,13993,77.7801530462182,368.8370622459893
87,10.317,8960,0,13998,77.7801530462182,368.8370622459893
88,7.7935,6800,0,13998,77.7801530462182,368.8370622459893
89,6.0078,5200,0,13997,77.7801530462182,368.8370622459893
90,4.6973,4080,4820,12019,83.28526231880224,368.8370622459893
91,4.3561,3760,5709,10070,89.72472612988821,373.80569022562423
92,4.383,3840,4542,9368,94.71968733388518,373.80569022562423
93,4.8748,4240,3900,9708,98.99076957575004,401.11460787895925
94,5.5045,4800,3799,10709,103.12059241484576,401.11460787895925
95,6.1191,5280,4066,11923,107.57169614715708,429.4671391289593
96,6.1958,5360,4569,12714,112.58368577176402,429.4671391289593
97,5.8109,5040,5058,12696,118.13319387782464,429.4671391289593
98,5.0972,4400,5329,11767,123.98295035933751,429.4671391289593
99,4.3577,3760,5180,10347,129.65288272341002,429.4671391289593
100,3.2748,2880,4683,8544,134.7827447226885,486.74601055753067
101,2.2419,1920,4037,6427,139.2519401661121,486.74601055753067
102,1.3411,1200,3262,4365,142.8231663806511,486.74601055753067
103,1.0088,880,2335,2910,145.34926445356777,489.0651512000543
104,0.6085,560,1512,1958,146.9915367035678,489.0651512000543
105,0.3945,320,1018,1260,148.0802073929617,489.0651512000543
106,0.0788,80,699,641,148.80964977932533,489.0651512000543
107,0.0317,80,423,298,149.27052656503963,489.0651512000543
108,0.0117,80,180,189,149.47216219003965,489.0651512000543
109,0.004,80,77,188,149.52151344003963,489.0651512000543
110,0.0012,80,75,191,149.54048219003965,489.0651512000543
111,0.0004,80,78,187,149.54765469003965,489.0651512000543
112,0.0001,80,76,184,149.54994969003963,489.0651512000543
113,0.0,0,73,108,149.55063469003963,489.0651512000543
114,0.0,0,73,34,149.55083844003966,489.0651512000543
115,0.0,0,34,0,149.55088094003963,489.0651512000543
116,0.0,0,0,0,149.55088094003963,489.0651512000543
117,0.0,0,0,0,149.55088094003963,489.0651512000543
118,0.0,0,0,0,149.55088094003963,489.0651512000543
119,0.0002,80,0,80,149.55088094003963,489.0651512000543
120,0.1764,160,0,237,149.55088094003963,489.0651512000543
121,0.1998,160,45,346,149.55099344003966,489.0651512000543
122,0.0434,80,120,301,149.65029344003963,489.0651512000543
123,0.1821,160,150,301,149.82685094003963,489.0651512000543
124,0.1687,160,108,343,149.93064094003964,489.0651512000543
125,0.5126,480,120,693,150.04756031503962,489.0651512000543
126,0.8279,720,145,1238,150.20580469003963,489.0651512000543
127,1.2932,1120,326,2032,150.5477257317063,489.0651512000543
128,1.8681,1600,602,3030,151.20556517615074,515.3085605575307
129,2.491,2160,942,4248,152.23180583091266,515.3085605575307
130,2.5512,2240,1395,5093,153.78563585769837,518.0674037000543
131,2.5922,2240,1918,5415,155.89737448038358,546.7139037000543
132,2.0114,1760,2206,4969,158.29387549890205,546.7139037000543
133,1.3539,1200,2242,3927,160.75231915961635,575.4595501286257
134,0.9062,800,1965,2762,162.9003859128631,575.4595501286257
135,0.3713,320,1442,1640,164.47364893559038,575.4595501286257
136,0.4438,400,975,1065,165.53052018559038,575.4595501286257
137,0.2021,160,525,700,166.1061944980904,575.4595501286257
138,0.2529,240,365,575,166.50813781059037,575.4595501286257
139,0.0297,80,259,373,166.7949351855904,575.4595501286257
140,0.1471,160,189,335,167.00664956059035,575.4595501286257
141,0.1474,160,140,345,167.12377331059037,575.4595501286257
142,0.2814,240,116,460,167.2134289355904,575.4595501286257
143,0.1715,160,153,458,167.35425643559037,575.4595501286257
144,0.142,160,198,414,167.57008018559037,575.4595501286257
145,0.0801,80,184,300,167.7772670605904,575.4595501286257
146,0.0,0,155,140,167.92736706059037,575.4595501286257
147,0.0,0,106,32,168.02599206059037,575.4595501286257
148,0.0,0,32,0,168.0580320605904,575.4595501286257
149,0.0,0,0,0,168.0580320605904,575.4595501286257
150,0.0,0,0,0,168.0580320605904,575.4595501286257
151,0.0,0,0,0,168.0580320605904,575.4595501286257
152,0.0,0,0,0,168.0580320605904,575.4595501286257
153,0.0,0,0,0,168.0580320605904,575.4595501286257
154,0.0,0,0,0,168.0580320605904,575.4595501286257
155,0.0,0,0,0,168.0580320605904,575.4595501286257
156,0.0,0,0,0,168.0580320605904,575.4595501286257
157,0.0,0,0,0,168.0580320605904,575.4595501286257
158,0.0,0,0,0,168.0580320605904,575.4595501286257
159,0.0,0,0,0,168.0580320605904,575.4595501286257
160,0.0,0,0,0,168.0580320605904,575.4595501286257
161,0.0,0,0,0,168.0580320605904,575.4595501286257
162,0.0,0,0,0,168.0580320605904,575.4595501286257
163,0.0,0,0,0,168.0580320605904,575.4595501286257
164,0.0,0,0,0,168.0580320605904,575.4595501286257
165,0.0,0,0,0,168.0580320605904,575.4595501286257
166,0.0,0,0,0,168.0580320605904,575.4595501286257
167,0.0,0,0,0,168.0580320605904,575.4595501286257
168,0.0,0,0,0,168.0580320605904,575.4595501286257
169,0.0,0,0,0,168.0580320605904,575.4595501286257
170,0.0,0,0,0,168.0580320605904,575.4595501286257
171,0.0,0,0,0,168.0580320605904,575.4595501286257
172,0.0,0,0,0,168.0580320605904,575.4595501286257
173,0.0,0,0,0,168.0580320605904,575.4595501286257
174,0.0,0,0,0,168.0580320605904,575.4595501286257
175,0.0,0,0,0,168.0580320605904,575.4595501286257
176,0.0,0,0,0,168.0580320605904,575.4595501286257
177,0.0,0,0,0,168.0580320605904,575.4595501286257
178,0.0,0,0,0,168.0580320605904,575.4595501286257
179,0.0,0,0,0,168.0580320605904,575.4595501286257
180,0.0,0,0,0,168.0580320605904,575.4595501286257
181,0.0,0,0,0,168.0580320605904,575.4595501286257
182,0.0,0,0,0,168.0580320605904,575.4595501286257
183,0.0,0,0,0,168.0580320605904,575.4595501286257
184,0.0,0,0,0,168.0580320605904,575.4595501286257
185,0.0,0,0,0,168.0580320605904,575.4595501286257
186,0.0,0,0,0,168.0580320605904,575.4595501286257
187,0.0,0,0,0,168.0580320605904,575.4595501286257
188,0.0,0,0,0,168.0580320605904,575.4595501286257
189,0.0,0,0,0,168.0580320605904,575.4595501286257
190,0.0,0,0,0,168.0580320605904,575.4595501286257
191,0.0,0,0,0,168.0580320605904,575.4595501286257
