hour,rainfall_mm,pet_mm,et_mm,q_total_mm,q_m3s,q_surface_mm,q_inter_mm,q_base_shallow_mm,q_base_deep_mm,s1_mm,s2_mm,s3_mm,s4_mm
0,0.0,0.0,0.0,0.6292,515.5695,0.0,0.12,0.3318,0.1773,6.8,14.784,22.4982,35.2886
1,0.0,0.0,0.0,0.6097,499.633,0.0,0.0804,0.3505,0.1788,5.78,14.4593,22.9368,35.585
2,0.0,0.0,0.0,0.5795,474.8564,0.0,0.0326,0.3665,0.1803,4.913,14.0675,23.3131,35.8879
3,0.0,0.0,0.0,0.5618,460.3551,0.0,0.0,0.3799,0.1819,4.176,13.6201,23.6276,36.196
4,0.0,0.0,0.0,0.5742,470.4852,0.0,0.0,0.3907,0.1835,3.5496,13.1068,23.8813,36.5079
5,0.0,0.0,0.0,0.5839,478.5026,0.0,0.0,0.3989,0.185,3.0172,12.5481,24.0741,36.8223
6,0.0,0.0,0.0,0.5912,484.4474,0.0,0.0,0.4046,0.1866,2.5646,11.9607,24.2073,37.138
7,0.0002,0.1193,0.1193,0.596,488.348,0.0,0.0,0.4077,0.1882,2.0787,11.3413,24.2819,37.4536
8,0.0009,0.2304,0.2304,0.5982,490.2289,0.0,0.0,0.4085,0.1898,1.5718,10.6892,24.2987,37.7681
9,0.0039,0.3258,0.3258,0.5981,490.119,0.0,0.0,0.4068,0.1914,1.0624,10.0065,24.2587,38.0801
10,0.0145,0.3991,0.3991,0.5956,488.063,0.0,0.0,0.4027,0.1929,0.5762,9.2995,24.1633,38.3885
11,0.0459,0.4451,0.4451,0.5908,484.1363,0.0,0.0,0.3964,0.1944,0.1504,8.58,24.0149,38.6923
12,0.3181,0.4608,0.4608,0.584,478.5436,0.0,0.0,0.3881,0.1959,0.0066,7.8947,23.8193,38.9904
13,0.5384,0.4451,0.4451,0.5755,471.5727,0.0,0.0,0.3781,0.1974,0.0849,7.2769,23.5849,39.282
14,0.7162,0.3991,0.3991,0.5657,463.562,0.0,0.0,0.3669,0.1988,0.3417,6.7502,23.3216,39.5666
15,1.0681,0.3258,0.3258,0.5552,454.9593,0.0,0.0,0.355,0.2002,0.9214,6.3598,23.0421,39.8439
16,1.636,0.2304,0.2304,0.5447,446.3764,0.0,0.0,0.3432,0.2016,1.9779,6.1721,22.7641,40.1139
17,1.8709,0.1193,0.1193,0.535,438.4065,0.0,0.0,0.3321,0.2029,3.1701,6.193,22.5045,40.3771
18,2.2483,0.0,0.0,0.5268,431.6741,0.0,0.0,0.3226,0.2042,4.6056,6.4453,22.281,40.6342
19,2.0412,0.0,0.0,0.5205,426.5332,0.0,0.0,0.3151,0.2055,5.6498,6.847,22.1038,40.8862
20,1.6971,0.0,0.0,0.5163,423.0752,0.0,0.0,0.3096,0.2067,6.2449,7.3131,21.9754,41.1343
21,1.1063,0.0,0.0,0.5139,421.0973,0.0,0.0,0.3059,0.2079,6.2485,7.7425,21.8897,41.3794
22,0.8744,0.0,0.0,0.5129,420.3254,0.0,0.0,0.3038,0.2092,6.0545,8.106,21.8389,41.6221
23,0.5597,0.0,0.0,0.513,420.4058,0.0,0.0,0.3027,0.2104,5.622,8.3703,21.8128,41.8631
24,0.3591,0.0,0.0,0.5137,420.9788,0.0,0.0,0.3022,0.2116,5.084,8.5261,21.8009,42.1026
25,0.1059,0.0,0.0,0.5146,421.6682,0.0,0.0,0.3018,0.2128,4.4114,8.5602,21.7926,42.3407
26,0.1586,0.0,0.0,0.5152,422.2148,0.0,0.0,0.3013,0.214,3.8845,8.506,21.7803,42.5774
27,0.0268,0.0,0.0,0.5154,422.3791,0.0,0.0,0.3003,0.2151,3.3246,8.3653,21.7572,42.8124
28,0.069,0.0,0.0,0.515,422.0107,0.0,0.0,0.2987,0.2163,2.8846,8.1644,21.7192,43.0454
29,0.2512,0.0,0.0,0.5139,421.0844,0.0,0.0,0.2964,0.2175,2.6654,7.944,21.6653,43.2762
30,0.3157,0.0,0.0,0.5121,419.621,0.0,0.0,0.2935,0.2186,2.5339,7.7199,21.5964,43.5043
31,0.4647,0.1193,0.1193,0.5097,417.6621,0.0,0.0,0.2899,0.2197,2.4474,7.4996,21.5137,43.7295
32,0.4101,0.2304,0.2304,0.5067,415.1866,0.0,0.0,0.2858,0.2209,2.2331,7.2622,21.4164,43.9516
33,0.6402,0.3258,0.3258,0.5031,412.2464,0.0,0.0,0.2811,0.222,2.1653,7.0328,21.3063,44.1702
34,0.9885,0.3991,0.3991,0.4991,409.0017,0.0,0.0,0.2761,0.223,2.3415,6.8503,21.1879,44.3852
35,1.3417,0.4451,0.4451,0.4951,405.7016,0.0,0.0,0.271,0.2241,2.7524,6.7491,21.0683,44.5966
36,1.8815,0.4608,0.4608,0.4915,402.7403,0.0,0.0,0.2663,0.2251,3.5471,6.7851,20.9588,44.8046
37,2.6424,0.4451,0.4451,0.489,400.709,0.0,0.0,0.2628,0.2262,4.8828,7.035,20.8763,45.0098
38,3.2764,0.3991,0.3991,0.4885,400.2911,0.0,0.0,0.2613,0.2272,6.5961,7.5431,20.8403,45.2132
39,4.0966,0.3258,0.3258,0.4909,402.3049,0.0,0.0,0.2627,0.2282,8.8118,8.3703,20.874,45.4164
40,4.6062,0.2304,0.2304,0.4973,407.5334,0.0,0.0,0.2681,0.2293,11.2095,9.5206,20.9998,45.6212
41,5.1131,0.1193,0.1193,0.9658,791.4092,0.4573,0.0,0.2782,0.2303,13.3155,10.995,21.2385,45.83
42,5.2101,0.0,0.0,1.8647,1528.0568,1.3397,0.0,0.2936,0.2314,14.4071,12.6719,21.6,46.0454
43,4.957,0.0,0.0,2.2623,1853.87,1.6583,0.0577,0.3138,0.2325,14.8011,14.2727,22.0754,46.2698
44,4.7247,0.0,0.0,2.5117,2058.2167,1.7198,0.2202,0.3381,0.2337,14.8771,15.6053,22.6444,46.5052
45,4.1371,0.0,0.0,2.4709,2024.7907,1.5254,0.3457,0.3648,0.2349,14.6367,16.6351,23.2737,46.7526
46,3.3246,0.0,0.0,2.1873,1792.3456,1.1253,0.4329,0.3928,0.2362,14.1418,17.35,23.9309,47.0128
47,2.5862,0.0,0.0,1.801,1475.7919,0.6566,0.4859,0.4208,0.2376,13.5622,17.7846,24.5884,47.2856
48,2.0473,0.0,0.0,1.4312,1172.7756,0.2316,0.5126,0.4479,0.239,13.0364,18.0033,25.2266,47.5705
49,1.3268,0.0,0.0,1.2299,1007.8233,0.0,0.5158,0.4736,0.2405,12.2088,18.0294,25.8289,47.8667
50,0.9076,0.0,0.0,1.2389,1015.2154,0.0,0.4997,0.4971,0.2421,11.1489,17.8974,26.3829,48.1732
51,0.5312,0.0,0.0,1.2268,1005.2943,0.0,0.4649,0.5182,0.2437,9.9281,17.6125,26.8776,48.4887
52,0.5485,0.0,0.0,1.2002,983.48,0.0,0.4184,0.5365,0.2453,8.9051,17.2309,27.3076,48.8116
53,0.374,0.0,0.0,1.1611,951.4649,0.0,0.3623,0.5519,0.2469,7.8872,16.7707,27.6695,49.1406
54,0.3039,0.0,0.0,1.1129,911.9822,0.0,0.2999,0.5644,0.2486,6.9625,16.2595,27.9629,49.4742
55,0.281,0.1193,0.1193,1.0571,866.2189,0.0,0.2328,0.574,0.2503,6.0555,15.709,28.1882,49.8109
56,0.1619,0.2304,0.2304,0.9934,814.0244,0.0,0.1607,0.5807,0.252,5.089,15.1178,28.3458,50.1492
57,0.1883,0.3258,0.3258,0.9243,757.4497,0.0,0.0861,0.5846,0.2537,4.2088,14.5056,28.4377,50.4878
58,0.0695,0.3991,0.3991,0.8499,696.482,0.0,0.0088,0.5858,0.2554,3.2973,13.8718,28.4661,50.8253
59,0.0995,0.4451,0.4451,0.8415,689.5922,0.0,0.0,0.5844,0.2571,2.5089,13.1694,28.4345,51.1604
60,0.3587,0.4608,0.4608,0.8394,687.8686,0.0,0.0,0.5807,0.2588,2.0458,12.4479,28.346,51.492
61,0.5006,0.4451,0.4451,0.8351,684.2993,0.0,0.0,0.5747,0.2604,1.7861,11.7421,28.205,51.819
62,0.9196,0.3991,0.3991,0.8289,679.232,0.0,0.0,0.5669,0.262,1.9606,11.121,28.0217,52.1404
63,1.6664,0.3258,0.3258,0.8216,673.2862,0.0,0.0,0.558,0.2636,2.806,10.6869,27.8139,52.4558
64,2.715,0.2304,0.2304,0.8144,667.3948,0.0,0.0,0.5493,0.2652,4.497,10.5621,27.6084,52.7653
65,4.2348,0.1193,0.1193,0.809,662.8918,0.0,0.0,0.5423,0.2667,7.3207,10.9056,27.4434,53.0698
66,6.1836,0.0,0.0,0.8073,661.5465,0.0,0.0,0.5391,0.2682,11.4786,11.8968,27.3692,53.3711
67,8.2553,0.0,0.0,2.6109,2139.4966,1.7989,0.0,0.5423,0.2697,14.9749,13.6683,27.4443,53.6726
68,10.187,0.0,0.0,4.9306,4040.3801,3.8615,0.2443,0.5536,0.2712,17.5261,15.8029,27.7093,53.9781
69,11.8066,0.0,0.0,6.8126,5582.5143,5.4464,0.5203,0.573,0.2728,19.4864,18.0663,28.166,54.2918
70,12.4332,0.0,0.0,8.0891,6628.566,6.4294,0.7854,0.5998,0.2745,20.7022,20.2405,28.7947,54.6172
71,12.3117,0.0,0.0,8.7731,7189.0773,6.8453,1.0193,0.6324,0.2762,21.2165,22.1579,29.5615,54.9573
72,11.596,0.0,0.0,8.9238,7312.5717,6.7688,1.208,0.6691,0.278,21.1219,23.7054,30.4242,55.3139
73,10.3114,0.0,0.0,8.5744,7026.2818,6.2447,1.342,0.7079,0.2798,20.4736,24.8048,31.336,55.688
74,9.4074,0.0,0.0,8.1125,6647.7044,5.6548,1.4287,0.7472,0.2818,19.7441,25.5153,32.2582,56.0798
75,9.286,0.0,0.0,7.8882,6463.9308,5.3314,1.487,0.7859,0.2839,19.3441,25.9932,33.1689,56.4888
76,9.9804,0.0,0.0,8.0925,6631.3792,5.4433,1.5392,0.824,0.286,19.4825,26.4214,34.0642,56.9148
77,11.6335,0.0,0.0,8.8833,7279.3318,6.1241,1.6089,0.8621,0.2882,20.3245,26.9928,34.9583,57.3576
78,13.7502,0.0,0.0,10.1504,8317.6916,7.2484,1.7104,0.9011,0.2905,21.7151,27.8253,35.875,57.8176
79,16.1768,0.1193,0.1193,11.7378,9618.4992,8.6536,1.8491,0.9422,0.2929,23.4531,28.9628,36.841,58.2958
80,18.2571,0.2304,0.2304,14.8127,12138.2047,11.5126,2.0185,0.9862,0.2954,23.7453,30.3515,37.8764,58.7934
81,19.6387,0.3258,0.3258,17.1711,14070.723,13.6591,2.181,1.0329,0.298,22.9403,31.6844,38.972,59.3118
82,20.2689,0.3991,0.3991,17.0139,13941.9785,13.3218,2.3106,1.0808,0.3008,23.0668,32.7468,40.0992,59.8515
83,19.515,0.4451,0.4451,16.2453,13312.0875,12.406,2.4067,1.129,0.3036,23.4103,33.5352,41.2311,60.4124
84,17.9212,0.4608,0.4608,14.6334,11991.2294,10.6841,2.4666,1.1762,0.3065,24.056,34.026,42.3401,60.994
85,15.6421,0.4451,0.4451,13.2384,10848.1089,9.2161,2.4914,1.2213,0.3095,24.1489,34.2294,43.4013,61.5951
86,13.1291,0.3991,0.3991,12.366,10133.2693,8.314,2.4761,1.2633,0.3126,23.0331,34.1042,44.3872,62.2141
87,10.317,0.3258,0.3258,10.8713,8908.4333,6.8492,2.4058,1.3005,0.3158,21.2214,33.5274,45.2611,62.8485
88,7.7935,0.2304,0.2304,9.1732,7516.9675,5.2381,2.2845,1.3316,0.3191,19.2287,32.533,45.9914,63.4952
89,6.0078,0.1193,0.1193,7.6528,6271.0339,3.8445,2.1301,1.3558,0.3224,17.5051,31.2665,46.5617,64.1508
90,4.6973,0.0,0.0,6.3955,5240.7243,2.7369,1.9597,1.3732,0.3257,16.1351,29.8694,46.9697,64.8117
91,4.3561,0.0,0.0,5.5942,4584.1366,2.0867,1.7943,1.3842,0.329,15.3309,28.5133,47.2289,65.4748
92,4.383,0.0,0.0,5.1605,4228.7617,1.7913,1.647,1.3899,0.3323,14.9655,27.3057,47.3617,66.1374
93,4.8748,0.0,0.0,5.0945,4174.6895,1.8393,1.5282,1.3914,0.3357,15.025,26.3311,47.3972,66.7974
94,5.5045,0.0,0.0,5.2712,4319.4582,2.1012,1.441,1.39,0.339,15.3488,25.6166,47.365,67.4534
95,6.1191,0.0,0.0,5.5706,4564.8055,2.4578,1.3837,1.3869,0.3422,15.7899,25.1462,47.2917,68.1046
96,6.1958,0.0,0.0,5.7271,4693.0797,2.6546,1.3444,1.3827,0.3455,16.0333,24.8241,47.1931,68.7505
97,5.8109,0.0,0.0,5.6372,4619.3819,2.6008,1.3101,1.3776,0.3487,15.9668,24.5426,47.0747,69.3906
98,5.0972,0.0,0.0,5.298,4341.4553,2.3043,1.2702,1.3716,0.3519,15.6001,24.2158,46.9335,70.0245
99,4.3577,0.0,0.0,4.8243,3953.2787,1.884,1.2209,1.3644,0.355,15.0802,23.8118,46.7636,70.6517
100,3.2748,0.0,0.0,4.1451,3396.6636,1.2749,1.1565,1.3556,0.3581,14.3268,23.2833,46.5555,71.2713
101,2.2419,0.0,0.0,3.3789,2768.7997,0.5961,1.0769,1.3447,0.3612,13.4873,22.6303,46.2999,71.8825
102,1.3411,0.0,0.0,2.6812,2197.1154,0.0,0.9855,1.3315,0.3642,12.6041,21.8807,45.991,72.484
103,1.0088,0.1193,0.1193,2.5738,2109.1035,0.0,0.8905,1.3161,0.3672,11.4696,21.1019,45.6292,73.0748
104,0.6085,0.2304,0.2304,2.4564,2012.8881,0.0,0.7879,1.2984,0.3701,10.0705,20.2608,45.2119,73.6539
105,0.3945,0.3258,0.3258,2.3293,1908.7442,0.0,0.6782,1.2782,0.373,8.6184,19.361,44.7372,74.22
106,0.0788,0.3991,0.3991,2.1917,1796.0061,0.0,0.5606,1.2554,0.3757,7.0533,18.3967,44.2025,74.772
107,0.0317,0.4451,0.4451,2.0479,1678.1078,0.0,0.4393,1.2302,0.3784,5.644,17.402,43.6087,75.3087
108,0.0117,0.4608,0.4608,1.9017,1558.3372,0.0,0.3181,1.2025,0.381,4.4156,16.4086,42.9594,75.8289
109,0.004,0.4451,0.4451,1.7568,1439.6376,0.0,0.2005,1.1728,0.3836,3.3783,15.4439,42.2606,76.3317
110,0.0012,0.3991,0.3991,1.6164,1324.5382,0.0,0.0891,1.1413,0.386,2.5334,14.5306,41.52,76.8163
111,0.0004,0.3258,0.3258,1.4967,1226.4699,0.0,0.0,1.1084,0.3884,1.8768,13.6729,40.7464,77.2821
112,0.0001,0.2304,0.2304,1.465,1200.4823,0.0,0.0,1.0744,0.3906,1.3995,12.8062,39.9484,77.7287
113,0.0,0.1193,0.1193,1.4323,1173.6671,0.0,0.0,1.0395,0.3927,1.0882,11.9584,39.1289,78.1558
114,0.0,0.0,0.0,1.3987,1146.1859,0.0,0.0,1.0039,0.3948,0.925,11.1519,38.2927,78.563
115,0.0,0.0,0.0,1.3646,1118.1928,0.0,0.0,0.9678,0.3967,0.7862,10.3874,37.4442,78.9501
116,0.0,0.0,0.0,1.33,1089.8331,0.0,0.0,0.9314,0.3986,0.6683,9.6649,36.5876,79.3173
117,0.0,0.0,0.0,1.2951,1061.2421,0.0,0.0,0.8948,0.4003,0.568,8.9839,35.7267,79.6643
118,0.0,0.0,0.0,1.2601,1032.5449,0.0,0.0,0.8581,0.402,0.4828,8.3436,34.8651,79.9914
119,0.0002,0.0,0.0,1.225,1003.8563,0.0,0.0,0.8215,0.4035,0.4106,7.7428,34.0061,80.2986
120,0.1764,0.0,0.0,1.1903,975.3497,0.0,0.0,0.7853,0.405,0.4989,7.2044,33.1546,80.5863
121,0.1998,0.0,0.0,1.1559,947.1775,0.0,0.0,0.7496,0.4063,0.5939,6.7244,32.3149,80.8548
122,0.0434,0.0,0.0,1.122,919.4019,0.0,0.0,0.7144,0.4076,0.5417,6.2744,31.4889,81.1045
123,0.1821,0.0,0.0,1.0887,892.1328,0.0,0.0,0.68,0.4087,0.6152,5.8724,30.6796,81.3357
124,0.1687,0.0,0.0,1.0561,865.4527,0.0,0.0,0.6464,0.4098,0.6664,5.5108,29.8893,81.5491
125,0.5126,0.0,0.0,1.0246,839.5621,0.0,0.0,0.6138,0.4108,1.0021,5.2326,29.1236,81.7452
126,0.8279,0.0,0.0,0.9942,814.7321,0.0,0.0,0.5826,0.4117,1.5555,5.0665,28.3903,81.9248
127,1.2932,0.1193,0.1193,0.9656,791.2906,0.0,0.0,0.5531,0.4125,2.32,5.0379,27.6987,82.0889
128,1.8681,0.2304,0.2304,0.9392,769.6451,0.0,0.0,0.526,0.4133,3.364,5.181,27.0603,82.2386
129,2.491,0.3258,0.3258,0.9156,750.2758,0.0,0.0,0.5016,0.4139,4.6999,5.5296,26.4886,82.3755
130,2.5512,0.3991,0.3991,0.8951,733.4907,0.0,0.0,0.4805,0.4146,5.8242,6.0328,25.9924,82.5012
131,2.5922,0.4451,0.4451,0.878,719.4647,0.0,0.0,0.4628,0.4152,6.7756,6.6502,25.5765,82.6174
132,2.0114,0.4608,0.4608,0.864,708.0355,0.0,0.0,0.4483,0.4157,7.0772,7.2672,25.2359,82.7259
133,1.3539,0.4451,0.4451,0.8527,698.7765,0.0,0.0,0.4365,0.4162,6.7881,7.7879,24.9583,82.8279
134,0.9062,0.3991,0.3991,0.8435,691.1698,0.0,0.0,0.4268,0.4167,6.201,8.1716,24.7287,82.9246
135,0.3713,0.3258,0.3258,0.8355,684.6178,0.0,0.0,0.4183,0.4172,5.3095,8.3799,24.53,83.0166
136,0.4438,0.2304,0.2304,0.8283,678.7256,0.0,0.0,0.4107,0.4176,4.6945,8.4716,24.3506,83.1043
137,0.2021,0.1193,0.1193,0.8215,673.1394,0.0,0.0,0.4034,0.418,4.0607,8.4532,24.1806,83.188
138,0.2529,0.0,0.0,0.8148,667.662,0.0,0.0,0.3963,0.4184,3.6665,8.3722,24.0141,83.2677
139,0.0297,0.0,0.0,0.8079,662.0613,0.0,0.0,0.3891,0.4188,3.1418,8.2125,23.8445,83.3435
140,0.1471,0.0,0.0,0.8008,656.2195,0.0,0.0,0.3816,0.4192,2.7956,8.0094,23.6685,83.4151
141,0.1474,0.0,0.0,0.7933,650.0596,0.0,0.0,0.3738,0.4195,2.5015,7.7747,23.4839,83.4825
142,0.2814,0.0,0.0,0.7854,643.5895,0.0,0.0,0.3656,0.4198,2.3655,7.5368,23.2909,83.5455
143,0.1715,0.0,0.0,0.7771,636.7837,0.0,0.0,0.357,0.4201,2.1564,7.284,23.0888,83.6038
144,0.142,0.0,0.0,0.7684,629.6241,0.0,0.0,0.348,0.4204,1.9537,7.0184,22.8772,83.6574
145,0.0801,0.0,0.0,0.7592,622.0866,0.0,0.0,0.3385,0.4206,1.7287,6.7376,22.6553,83.706
146,0.0,0.0,0.0,0.7495,614.1356,0.0,0.0,0.3286,0.4209,1.4694,6.4372,22.4221,83.7495
147,0.0,0.0,0.0,0.7392,605.7603,0.0,0.0,0.3182,0.421,1.249,6.125,22.1775,83.7875
148,0.0,0.0,0.0,0.7285,596.9685,0.0,0.0,0.3073,0.4212,1.0616,5.8073,21.9215,83.82
149,0.0,0.0,0.0,0.7173,587.7818,0.0,0.0,0.296,0.4213,0.9024,5.4893,21.6549,83.8466
150,0.0,0.0,0.0,0.7056,578.2314,0.0,0.0,0.2842,0.4214,0.767,5.1746,21.3786,83.8673
151,0.0,0.1193,0.1193,0.6935,568.3087,0.0,0.0,0.272,0.4215,0.5506,4.8501,21.0923,83.8818
152,0.0,0.2304,0.2304,0.6809,557.9787,0.0,0.0,0.2594,0.4216,0.2721,4.5062,20.7951,83.8899
153,0.0,0.3258,0.3258,0.6676,547.0749,0.0,0.0,0.2461,0.4216,0.0,4.0964,20.4822,83.8914
154,0.0,0.3991,0.3991,0.6527,534.8145,0.0,0.0,0.2311,0.4215,0.0,3.4015,20.1313,83.8854
155,0.0,0.4451,0.4451,0.6362,521.312,0.0,0.0,0.2147,0.4215,0.0,2.7199,19.7458,83.8713
156,0.0,0.4608,0.4608,0.6184,506.7518,0.0,0.0,0.1971,0.4213,0.0,2.0784,19.3309,83.8485
157,0.0,0.4451,0.4451,0.5997,491.3808,0.0,0.0,0.1785,0.4212,0.0,1.5026,18.8939,83.8165
158,0.0,0.3991,0.3991,0.5803,475.4965,0.0,0.0,0.1593,0.421,0.0,1.0152,18.4432,83.7752
159,0.0,0.3258,0.3258,0.5607,459.4304,0.0,0.0,0.1399,0.4207,0.0,0.6343,17.9885,83.7244
160,0.0,0.2304,0.2304,0.5413,443.5288,0.0,0.0,0.1208,0.4204,0.0,0.3716,17.5395,83.6644
161,0.0,0.1193,0.1193,0.5225,428.1324,0.0,0.0,0.1024,0.4201,0.0,0.2321,17.1061,83.5955
162,0.0,0.0,0.0,0.5047,413.5557,0.0,0.0,0.085,0.4197,0.0,0.2135,16.6972,83.5183
163,0.0,0.0,0.0,0.4878,399.7537,0.0,0.0,0.0686,0.4193,0.0,0.1964,16.3114,83.4333
164,0.0,0.0,0.0,0.4719,386.6841,0.0,0.0,0.0531,0.4188,0.0,0.1807,15.9475,83.3411
165,0.0,0.0,0.0,0.4568,374.3066,0.0,0.0,0.0385,0.4183,0.0,0.1663,15.6043,83.242
166,0.0,0.0,0.0,0.4425,362.5833,0.0,0.0,0.0247,0.4178,0.0,0.153,15.2805,83.1366
167,0.0,0.0,0.0,0.4289,351.4779,0.0,0.0,0.0117,0.4172,0.0,0.1407,14.9752,83.0252
168,0.0,0.0,0.0,0.4166,341.4009,0.0,0.0,0.0,0.4166,0.0,0.1295,14.6867,82.9083
169,0.0,0.0,0.0,0.416,340.8983,0.0,0.0,0.0,0.416,0.0,0.1191,14.4031,82.7863
170,0.0,0.0,0.0,0.4154,340.3748,0.0,0.0,0.0,0.4154,0.0,0.1096,14.1244,82.6592
171,0.0,0.0,0.0,0.4147,339.8311,0.0,0.0,0.0,0.4147,0.0,0.1008,13.8505,82.5271
172,0.0,0.0,0.0,0.414,339.2676,0.0,0.0,0.0,0.414,0.0,0.0927,13.5814,82.3903
173,0.0,0.0,0.0,0.4133,338.6847,0.0,0.0,0.0,0.4133,0.0,0.0853,13.317,82.2487
174,0.0,0.0,0.0,0.4126,338.0831,0.0,0.0,0.0,0.4126,0.0,0.0785,13.0574,82.1026
175,0.0,0.1193,0.1193,0.4118,337.4594,0.0,0.0,0.0,0.4118,0.0,0.0,12.7563,81.9511
176,0.0,0.2304,0.2304,0.411,336.7985,0.0,0.0,0.0,0.411,0.0,0.0,12.2753,81.7907
177,0.0,0.3258,0.3258,0.4101,336.0937,0.0,0.0,0.0,0.4101,0.0,0.0,11.7106,81.6195
178,0.0,0.3991,0.3991,0.4092,335.3401,0.0,0.0,0.0,0.4092,0.0,0.0,11.0852,81.4365
179,0.0,0.4451,0.4451,0.4082,334.5353,0.0,0.0,0.0,0.4082,0.0,0.0,10.4273,81.2411
180,0.0,0.4608,0.4608,0.4072,333.6794,0.0,0.0,0.0,0.4072,0.0,0.0,9.7672,81.0332
181,0.0,0.4451,0.4451,0.4061,332.7749,0.0,0.0,0.0,0.4061,0.0,0.0,9.1356,80.8135
182,0.0,0.3991,0.3991,0.4049,331.8269,0.0,0.0,0.0,0.4049,0.0,0.0,8.5618,80.5833
183,0.0,0.3258,0.3258,0.4037,330.8427,0.0,0.0,0.0,0.4037,0.0,0.0,8.0713,80.3443
184,0.0,0.2304,0.2304,0.4025,329.831,0.0,0.0,0.0,0.4025,0.0,0.0,7.6841,80.0986
185,0.0,0.1193,0.1193,0.4012,328.8017,0.0,0.0,0.0,0.4012,0.0,0.0,7.4135,79.8487
186,0.0,0.0,0.0,0.4,327.7652,0.0,0.0,0.0,0.4,0.0,0.0,7.2652,79.5969
187,0.0,0.0,0.0,0.3987,326.7217,0.0,0.0,0.0,0.3987,0.0,0.0,7.1199,79.3435
188,0.0,0.0,0.0,0.3974,325.6715,0.0,0.0,0.0,0.3974,0.0,0.0,6.9775,79.0885
189,0.0,0.0,0.0,0.3961,324.6149,0.0,0.0,0.0,0.3961,0.0,0.0,6.838,78.8319
190,0.0,0.0,0.0,0.3948,323.5522,0.0,0.0,0.0,0.3948,0.0,0.0,6.7012,78.5738
191,0.0,0.0,0.0,0.3935,322.4836,0.0,0.0,0.0,0.3935,0.0,0.0,6.5672,78.3143
